"region","year","cpo","pit","numerical_failure"
"서울시종로구",2020,0.0735238954274947,0.437945438174475,0
"서울시종로구",2021,0.00862802441957242,0.956617453231858,0
"서울시종로구",2022,0.0230795634889888,0.957411628774152,0
"서울시종로구",2023,0.151812614876995,0.367721261234317,0
"서울시종로구",2024,0.171078147151398,0.334138661246856,0
"서울시중구",2020,0.0965149003746194,0.337021584701069,0
"서울시중구",2021,0.0703281052211983,0.495033093170687,0
"서울시중구",2022,0.129739807516547,0.736542091019137,0
"서울시중구",2023,0.0898873953138249,0.891585248485398,0
"서울시중구",2024,0.181255677347006,0.75744407958056,0
"서울시용산구",2020,0.0482299611949062,0.577283700010746,0
"서울시용산구",2021,0.00695946990282743,0.943784950555452,0
"서울시용산구",2022,0.00360049971691821,0.99217269255655,0
"서울시용산구",2023,0.110129003298664,0.618529134024807,0
"서울시용산구",2024,0.146010494380568,0.449838188020351,0
"서울시성동구",2020,0.0363650157711782,0.734526836387283,0
"서울시성동구",2021,0.0329194658310098,0.461509924395953,0
"서울시성동구",2022,0.07612570068529,0.266843066104548,0
"서울시성동구",2023,0.0977083413338362,0.664631048109101,0
"서울시성동구",2024,0.121989267093513,0.618623754509129,0
"서울시광진구",2020,0.0265481795529306,0.795381391656218,0
"서울시광진구",2021,0.0275373568329554,0.270147353076517,0
"서울시광진구",2022,0.0782347268883586,0.36225905962095,0
"서울시광진구",2023,0.081029124981956,0.219733502061602,0
"서울시광진구",2024,0.0967800706402271,0.686580193912611,0
"서울시동대문구",2020,0.0239309126287357,0.751867236262174,0
"서울시동대문구",2021,0.00792424590567048,0.900647861089964,0
"서울시동대문구",2022,0.0636700235484186,0.492653379315809,0
"서울시동대문구",2023,0.0565993987192468,0.158323538408549,0
"서울시동대문구",2024,0.0525720953024328,0.112806870184342,0
"서울시중랑구",2020,0.0328206521828813,0.380863573452118,0
"서울시중랑구",2021,0.00313372585333088,0.964165661982812,0
"서울시중랑구",2022,0.0548783251668065,0.609051413730313,0
"서울시중랑구",2023,0.0536171843016709,0.147961249954053,0
"서울시중랑구",2024,0.0786036363963519,0.279867764605656,0
"서울시성북구",2020,0.0257051244806134,0.464217064524725,0
"서울시성북구",2021,0.0145232478790963,0.651958741719524,0
"서울시성북구",2022,0.0453602664851219,0.292064431749014,0
"서울시성북구",2023,0.0650405165788315,0.552865031428378,0
"서울시성북구",2024,0.0822974883308734,0.40176721811326,0
"서울시강북구",2020,0.0373761506602096,0.463736420162608,0
"서울시강북구",2021,0.00549321630481496,0.943346243550396,0
"서울시강북구",2022,0.0646886509337325,0.298791381163422,0
"서울시강북구",2023,0.0400854426603045,0.876752110214141,0
"서울시강북구",2024,0.0769628471583201,0.178067056772866,0
"서울시도봉구",2020,0.0347207614570739,0.290196497105456,0
"서울시도봉구",2021,0.0056631776673078,0.934806653377734,0
"서울시도봉구",2022,0.0642779645666163,0.56558472467487,0
"서울시도봉구",2023,0.0789924958635232,0.283201247399734,0
"서울시도봉구",2024,0.091813736206646,0.263487061942797,0
"서울시노원구",2020,0.0220018426249394,0.710034870127399,0
"서울시노원구",2021,0.0132301008178041,0.721617566841954,0
"서울시노원구",2022,0.0522974349549452,0.506544563093855,0
"서울시노원구",2023,0.0679755711909157,0.502303228754122,0
"서울시노원구",2024,0.0618651855774008,0.199416913928698,0
"서울시은평구",2020,0.0083465106990046,0.882575903148474,0
"서울시은평구",2021,0.00718800710013842,0.832753100117143,0
"서울시은평구",2022,0.0451254804785509,0.582386092916016,0
"서울시은평구",2023,0.0211974831060159,0.0552860259585264,0
"서울시은평구",2024,0.0596108892561227,0.293898100798081,0
"서울시서대문구",2020,0.0275732437903934,0.694073875247347,0
"서울시서대문구",2021,0.0206341503785373,0.610065380247696,0
"서울시서대문구",2022,0.0289479381834483,0.854272088482383,0
"서울시서대문구",2023,0.0764670781074764,0.307215865254013,0
"서울시서대문구",2024,0.0972608328443078,0.405129116987414,0
"서울시마포구",2020,0.0333527910706665,0.464137993378733,0
"서울시마포구",2021,0.0101064891309508,0.857417197692904,0
"서울시마포구",2022,0.0292883480250427,0.8454206020775,0
"서울시마포구",2023,0.0797703269147903,0.443900348832192,0
"서울시마포구",2024,0.0824040595295773,0.659423685568636,0
"서울시양천구",2020,0.02306711415518,0.668833528763194,0
"서울시양천구",2021,0.0049881817571945,0.926723563861099,0
"서울시양천구",2022,0.0498073409919449,0.517706767881964,0
"서울시양천구",2023,0.0641266988856068,0.294472861595958,0
"서울시양천구",2024,0.0619452834330445,0.200153352879225,0
"서울시강서구",2020,0.00286910559635294,0.96102877101742,0
"서울시강서구",2021,0.00883221647968839,0.7491863285992,0
"서울시강서구",2022,0.0332032583795516,0.336265952333434,0
"서울시강서구",2023,0.0469089435478257,0.366118938649034,0
"서울시강서구",2024,0.0428401616295451,0.711101511562535,0
"서울시구로구",2020,0.0239691189719835,0.68721815322246,0
"서울시구로구",2021,0.0102090615019687,0.840693598373074,0
"서울시구로구",2022,0.0442923317099417,0.719030671060127,0
"서울시구로구",2023,0.0592661045815037,0.209009221498504,0
"서울시구로구",2024,0.0374326818615353,0.0762156081778061,0
"서울시금천구",2020,0.0517200650731945,0.518326060280471,0
"서울시금천구",2021,0.00333045986948045,0.976519577841162,0
"서울시금천구",2022,0.0756004841597165,0.232871288100161,0
"서울시금천구",2023,0.119931020565405,0.539061652939527,0
"서울시금천구",2024,0.0804042521608271,0.133596473812424,0
"서울시영등포구",2020,0.0375825820325426,0.355752711669868,0
"서울시영등포구",2021,0.022208118919782,0.616527559043549,0
"서울시영등포구",2022,0.0634324019550066,0.321329542581555,0
"서울시영등포구",2023,0.08983091978108,0.50903232806421,0
"서울시영등포구",2024,0.100581200524491,0.297934210566233,0
"서울시동작구",2020,0.0374433613330893,0.418511354550448,0
"서울시동작구",2021,0.0186027002233019,0.702183348569609,0
"서울시동작구",2022,0.0609916713381646,0.592507549933417,0
"서울시동작구",2023,0.0835587904543067,0.531556098403229,0
"서울시동작구",2024,0.101837727185077,0.36431011157858,0
"서울시관악구",2020,0.0263133452292031,0.251528524230052,0
"서울시관악구",2021,0.00791400910293366,0.871955623437501,0
"서울시관악구",2022,0.0446620321256914,0.287854841797968,0
"서울시관악구",2023,0.0262030116621369,0.063762685289938,0
"서울시관악구",2024,0.068873240061662,0.231215302115671,0
"서울시서초구",2020,0.0402819327095262,0.603642512633083,0
"서울시서초구",2021,0.0305874170611505,0.532911623290489,0
"서울시서초구",2022,0.0692429351447026,0.233873562452046,0
"서울시서초구",2023,0.0100277875224115,0.0122559994633741,0
"서울시서초구",2024,0.0935655691472766,0.22950109890139,0
"서울시강남구",2020,0.0303651005535923,0.196519338671764,0
"서울시강남구",2021,0.025568583526146,0.481691353936255,0
"서울시강남구",2022,0.0692448849463694,0.382385560584455,0
"서울시강남구",2023,0.0785559378677594,0.280223673491581,0
"서울시강남구",2024,0.0907531847587793,0.580223067742372,0
"서울시송파구",2020,0.0258180122410966,0.364494334285259,0
"서울시송파구",2021,0.0170922778666581,0.353209892376731,0
"서울시송파구",2022,0.038841885030261,0.680034956579696,0
"서울시송파구",2023,0.0506214419128456,0.716241795618136,0
"서울시송파구",2024,0.071814489483467,0.502716324384354,0
"서울시강동구",2020,0.0253849042855508,0.242380156596206,0
"서울시강동구",2021,0.0129095643733254,0.130212103245965,0
"서울시강동구",2022,0.0497781316028486,0.54117560222177,0
"서울시강동구",2023,0.067820678014015,0.529294965266243,0
"서울시강동구",2024,0.0719469387069687,0.628912411921722,0
"부산시중구",2020,0.318596039246144,0.581703920863327,0
"부산시중구",2021,0.238330771533064,0.37720296324123,0
"부산시중구",2022,0.323264635360812,0.843485717770125,0
"부산시중구",2023,0.0634686657786991,0.986452143067612,0
"부산시중구",2024,0.683394982120459,0.68339498212046,0
"부산시서구",2020,0.172875305418148,0.47184950617621,0
"부산시서구",2021,0.120689819920808,0.33284992546386,0
"부산시서구",2022,0.268934016324137,0.437512880457265,0
"부산시서구",2023,0.209816188408194,0.845170726734333,0
"부산시서구",2024,0.000025511131329852,0.999994029327947,0
"부산시동구",2020,0.222568637090433,0.521239152714572,0
"부산시동구",2021,0.084662242355126,0.114312811788138,0
"부산시동구",2022,0.332947104662434,0.631102696322945,0
"부산시동구",2023,0.413017205682996,0.413017205682996,0
"부산시동구",2024,0.333700521114798,0.818804646833858,0
"부산시영도구",2020,0.119970711765347,0.279298845586151,0
"부산시영도구",2021,0.0921425034482606,0.347795760328626,0
"부산시영도구",2022,0.177778686289299,0.731880756545022,0
"부산시영도구",2023,0.025103508356686,0.984165603069488,0
"부산시영도구",2024,0.219389133831562,0.800929633498643,0
"부산시부산진구",2020,0.090274783358548,0.559863273896692,0
"부산시부산진구",2021,0.0152200678370635,0.0317666764371721,0
"부산시부산진구",2022,0.14621724362667,0.349598050262411,0
"부산시부산진구",2023,0.0169057140784602,0.98376004070117,0
"부산시부산진구",2024,0.137281577194887,0.812580011439824,0
"부산시동래구",2020,0.0843098529082932,0.201039279531443,0
"부산시동래구",2021,0.0477461367392973,0.800477939411194,0
"부산시동래구",2022,0.0817194247178653,0.879078028725355,0
"부산시동래구",2023,0.222780373708403,0.509871990592371,0
"부산시동래구",2024,0.231657977144138,0.557451121010509,0
"부산시남구",2020,0.0356319288714451,0.0548713241705002,0
"부산시남구",2021,0.0514089875115199,0.143790357201354,0
"부산시남구",2022,0.116678695235653,0.802619319758468,0
"부산시남구",2023,0.117340840484446,0.868421255880024,0
"부산시남구",2024,0.167732776227955,0.812792422444024,0
"부산시북구",2020,0.0723079733824302,0.165756656097399,0
"부산시북구",2021,0.0567235821129475,0.200754586218963,0
"부산시북구",2022,0.159364669467374,0.651606848866116,0
"부산시북구",2023,0.133822486133595,0.82592227463028,0
"부산시북구",2024,0.103095104198775,0.902169485627292,0
"부산시해운대구",2020,0.017701634560509,0.938460125612971,0
"부산시해운대구",2021,0.00470704181251949,0.00993178137828383,0
"부산시해운대구",2022,0.012157415784009,0.979512787170924,0
"부산시해운대구",2023,0.159241220205379,0.401453096220724,0
"부산시해운대구",2024,0.158230897252952,0.636193317447734,0
"부산시사하구",2020,0.0754114758906517,0.603693124016299,0
"부산시사하구",2021,0.0440583433301541,0.177854166077259,0
"부산시사하구",2022,0.13659783201904,0.409314499367615,0
"부산시사하구",2023,0.157507913327237,0.650280858418183,0
"부산시사하구",2024,0.00375664462299569,0.997179238318626,0
"부산시금정구",2020,0.142870038893154,0.443062041730989,0
"부산시금정구",2021,0.0792258815104312,0.218674946825383,0
"부산시금정구",2022,0.184844607110673,0.728675151485407,0
"부산시금정구",2023,0.239909249137637,0.709669695207539,0
"부산시금정구",2024,0.226344693712984,0.79729209890355,0
"부산시강서구",2020,0.174106670287735,0.479720076978481,0
"부산시강서구",2021,0.1052008336064,0.650355874882175,0
"부산시강서구",2022,0.0862157643531567,0.927911291023199,0
"부산시강서구",2023,0.0458366458704685,0.97476538889567,0
"부산시강서구",2024,0.205154777238437,0.855119300882018,0
"부산시연제구",2020,0.106175981876648,0.641533544869655,0
"부산시연제구",2021,0.0654816288962168,0.195495941614432,0
"부산시연제구",2022,0.187618419663876,0.593664781170443,0
"부산시연제구",2023,0.237495192290734,0.616247355917587,0
"부산시연제구",2024,0.161969575395257,0.83011868849302,0
"부산시수영구",2020,0.0957009568754616,0.766468129174401,0
"부산시수영구",2021,0.0878385590486581,0.527426037290441,0
"부산시수영구",2022,0.091162983895704,0.886665790571752,0
"부산시수영구",2023,0.0426013406865896,0.968515956854412,0
"부산시수영구",2024,0.147649791260186,0.867033335663057,0
"부산시사상구",2020,0.104165060169284,0.321948887745368,0
"부산시사상구",2021,0.0555281809804214,0.157845657652169,0
"부산시사상구",2022,0.152506959437109,0.726801358221586,0
"부산시사상구",2023,0.116643261488403,0.870592474430783,0
"부산시사상구",2024,0.271612948489744,0.443226836306539,0
"부산시기장군",2020,0.153287354233861,0.381893012004748,0
"부산시기장군",2021,0.0410139199455959,0.075121228586855,0
"부산시기장군",2022,0.0783299780327493,0.913921902822718,0
"부산시기장군",2023,0.0766442369920105,0.941483855599073,0
"부산시기장군",2024,0.133777737918489,0.893167206343996,0
"대구시중구",2020,0.199482773070517,0.421981502566977,0
"대구시중구",2021,0.151525175862238,0.50847195117817,0
"대구시중구",2022,0.304627150204799,0.527070823918175,0
"대구시중구",2023,0.0931726413120243,0.947930650163857,0
"대구시중구",2024,0.333661224511568,0.333661224511568,0
"대구시동구",2020,0.0789531058452663,0.37461940879376,0
"대구시동구",2021,0.0502994015693526,0.298086243275718,0
"대구시동구",2022,0.104789864679788,0.704831361085262,0
"대구시동구",2023,0.104843861875125,0.792585586611836,0
"대구시동구",2024,0.158852169797758,0.601769395400371,0
"대구시서구",2020,0.0436417864701584,0.895312811402845,0
"대구시서구",2021,0.0255495884483668,0.0506205671050452,0
"대구시서구",2022,0.109393095073577,0.833993167874449,0
"대구시서구",2023,0.184467860782115,0.730180831263239,0
"대구시서구",2024,0.170233624686795,0.80407356598181,0
"대구시남구",2020,0.0653187354889961,0.843291800401037,0
"대구시남구",2021,0.0459678265434369,0.111251893583318,0
"대구시남구",2022,0.186508355575279,0.571669091654684,0
"대구시남구",2023,0.00278571235400726,0.998386783843814,0
"대구시남구",2024,0.194799861716007,0.194799861716008,0
"대구시북구",2020,0.0484723824786935,0.180729192455668,0
"대구시북구",2021,0.0229829899958388,0.0901056673984405,0
"대구시북구",2022,0.0294200973039202,0.937869798235483,0
"대구시북구",2023,0.0145972154242263,0.979323431368566,0
"대구시북구",2024,0.102805685052703,0.802648335950031,0
"대구시수성구",2020,0.0491058357558233,0.263658946772406,0
"대구시수성구",2021,0.000750624680656612,0.00144948661251188,0
"대구시수성구",2022,0.0341081028676117,0.90331319116217,0
"대구시수성구",2023,0.000672612837530704,0.999090431171248,0
"대구시수성구",2024,0.0123647112171918,0.983501980695188,0
"대구시달서구",2020,0.0468364695578822,0.421647756827291,0
"대구시달서구",2021,0.00896129977045722,0.0397073228449436,0
"대구시달서구",2022,0.0489629747444206,0.817505759570675,0
"대구시달서구",2023,0.0707335293502365,0.783363541893286,0
"대구시달서구",2024,0.0502823857748578,0.889335480767751,0
"대구시달성군",2020,0.0665404148806408,0.171485812977449,0
"대구시달성군",2021,0.0413569223181316,0.132415537159636,0
"대구시달성군",2022,0.137235548531531,0.562388648372263,0
"대구시달성군",2023,0.158013891448489,0.690124581217996,0
"대구시달성군",2024,0.0174874071725281,0.986156902155691,0
"인천시중구",2020,0.0467778049907211,0.744176623640252,0
"인천시중구",2021,0.00288123196013742,0.982046235005187,0
"인천시중구",2022,0.0903335407162854,0.356550736232636,0
"인천시중구",2023,0.0431978218718959,0.0673544991019525,0
"인천시중구",2024,0.0550816863437253,0.0878483963385356,0
"인천시동구",2020,0.106220227996921,0.558074628276846,0
"인천시동구",2021,0.0174463712526471,0.945514718311454,0
"인천시동구",2022,0.165255646114575,0.322682450733152,0
"인천시동구",2023,0.222735115623638,0.517293586091476,0
"인천시동구",2024,0.269988077425901,0.440551249665831,0
"인천시남동구",2020,0.0028279796846583,0.96600420519622,0
"인천시남동구",2021,0.0106274944289825,0.680622887413701,0
"인천시남동구",2022,0.0378347990448721,0.35664477156547,0
"인천시남동구",2023,0.0494052539931937,0.309677795589864,0
"인천시남동구",2024,0.0593704913486504,0.460703327576978,0
"인천시연수구",2020,0.00800627933924617,0.918956844299199,0
"인천시연수구",2021,0.00586676174421463,0.896496005903292,0
"인천시연수구",2022,0.0428536078764046,0.233072351292357,0
"인천시연수구",2023,0.0592000020868931,0.290946665462806,0
"인천시연수구",2024,0.0591318937881744,0.211619475322953,0
"인천시남구",2020,0.0125362459911485,0.843300371342172,0
"인천시남구",2021,0.0135907971382155,0.64140487360928,0
"인천시남구",2022,0.0451516556578358,0.343603729119105,0
"인천시남구",2023,0.0518308850214411,0.214457992999626,0
"인천시남구",2024,0.0627674567674411,0.661015293905469,0
"인천시부평구",2020,0.0124067180038715,0.862773829021661,0
"인천시부평구",2021,0.0178514631397589,0.527967807984893,0
"인천시부평구",2022,0.0486224570745272,0.368313230247205,0
"인천시부평구",2023,0.023578133912181,0.0568582683730407,0
"인천시부평구",2024,0.0586464351868188,0.186279833940327,0
"인천시계양구",2020,0.0355902453421578,0.526840787841188,0
"인천시계양구",2021,0.00896886332107646,0.887968079259456,0
"인천시계양구",2022,0.06419877509531,0.54942260938915,0
"인천시계양구",2023,0.0699314913888938,0.208777930069109,0
"인천시계양구",2024,0.0952212197962682,0.276678992304068,0
"인천시서구",2020,0.0050224699935678,0.925638814347456,0
"인천시서구",2021,0.00998525882164317,0.640859548930212,0
"인천시서구",2022,0.0326545487664555,0.331465549270964,0
"인천시서구",2023,0.00807236335074825,0.0221557879747857,0
"인천시서구",2024,0.0452719512292455,0.250688958676642,0
"인천시강화군",2020,0.0554196548384784,0.795129337602869,0
"인천시강화군",2021,0.0593396032878158,0.507329798846799,0
"인천시강화군",2022,0.114615663773609,0.255647617462914,0
"인천시강화군",2023,0.168779960037608,0.461273694455975,0
"인천시강화군",2024,0.183133084247462,0.567346166247108,0
"광주시동구",2020,0.135288505539002,0.615954376164715,0
"광주시동구",2021,0.0986338900829258,0.364020326541462,0
"광주시동구",2022,0.168272874000628,0.244763931429427,0
"광주시동구",2023,0.265694248302189,0.430795714900263,0
"광주시동구",2024,0.225051265955226,0.799752464796022,0
"광주시서구",2020,0.0488724730647042,0.68219102735928,0
"광주시서구",2021,0.0297953973309844,0.173365281508486,0
"광주시서구",2022,0.0961812799368955,0.512471894928154,0
"광주시서구",2023,0.106165181298988,0.673356313665185,0
"광주시서구",2024,0.0845885576499515,0.832156530559754,0
"광주시남구",2020,0.0855743045911575,0.457481656294102,0
"광주시남구",2021,0.0533877437161162,0.611023944720901,0
"광주시남구",2022,0.0617354924555194,0.886513811949254,0
"광주시남구",2023,0.178871500284228,0.357307188293435,0
"광주시남구",2024,0.184420946731839,0.271436475665575,0
"광주시북구",2020,0.0395256721637954,0.698543440041791,0
"광주시북구",2021,0.00983583142791499,0.911055752362419,0
"광주시북구",2022,0.0461164811244958,0.840428558298413,0
"광주시북구",2023,0.0973488238709582,0.284833344378805,0
"광주시북구",2024,0.108423747112117,0.650084973003877,0
"광주시광산구",2020,0.0454349400810106,0.427884451056569,0
"광주시광산구",2021,0.00819199568162178,0.921718275752485,0
"광주시광산구",2022,0.0634374738117292,0.716445888931067,0
"광주시광산구",2023,0.0990034079264943,0.556430495001134,0
"광주시광산구",2024,0.0900696868253644,0.217617727138439,0
"대전시동구",2020,0.0407514045909073,0.70380813095372,0
"대전시동구",2021,0.00964175658297376,0.923379496947972,0
"대전시동구",2022,0.0925535330859882,0.438457586085037,0
"대전시동구",2023,0.0380157363109356,0.0584547763247765,0
"대전시동구",2024,0.132483964884674,0.496804610152063,0
"대전시중구",2020,0.0405566466204945,0.582760557760545,0
"대전시중구",2021,0.0262960079534707,0.553270067803823,0
"대전시중구",2022,0.0763023120794986,0.498626315442916,0
"대전시중구",2023,0.097534709898016,0.406892819721689,0
"대전시중구",2024,0.096663680785677,0.671135788370588,0
"대전시서구",2020,0.021946140976092,0.697873255928648,0
"대전시서구",2021,0.0182451263859382,0.3509120355294,0
"대전시서구",2022,0.0503121255602467,0.323457901098491,0
"대전시서구",2023,0.0537622679272527,0.166821073101811,0
"대전시서구",2024,0.00694746456488738,0.982824185680425,0
"대전시유성구",2020,0.0389225179563126,0.489947586184148,0
"대전시유성구",2021,0.0233273390027142,0.276856370320146,0
"대전시유성구",2022,0.0502723858595938,0.187674677355892,0
"대전시유성구",2023,0.0836495370076841,0.422356314310995,0
"대전시유성구",2024,0.0896130350179553,0.410430245936842,0
"대전시대덕구",2020,0.0213007546684757,0.89202794886747,0
"대전시대덕구",2021,0.033428202499371,0.309992518706197,0
"대전시대덕구",2022,0.0599987434221794,0.132766700139569,0
"대전시대덕구",2023,0.057933754846179,0.878098914413024,0
"대전시대덕구",2024,0.108796421229308,0.768678872813088,0
"울산시중구",2020,0.0608106345402957,0.802949395653139,0
"울산시중구",2021,0.0263442710733926,0.06567173714728,0
"울산시중구",2022,0.133090832234407,0.684529327589902,0
"울산시중구",2023,0.101146329130512,0.858077178603775,0
"울산시중구",2024,0.0750649128381028,0.919773322261479,0
"울산시남구",2020,0.0809724053365243,0.300458061790586,0
"울산시남구",2021,0.0222463729773298,0.0592150008844352,0
"울산시남구",2022,0.144538737335634,0.454061574475598,0
"울산시남구",2023,0.183753352799064,0.542881522065906,0
"울산시남구",2024,0.0201424123348338,0.982583138224937,0
"울산시동구",2020,0.117785900271634,0.329365256620653,0
"울산시동구",2021,0.0860929813733854,0.418908264814078,0
"울산시동구",2022,0.207036172038386,0.45775853444951,0
"울산시동구",2023,0.0425083777668882,0.96711208768857,0
"울산시동구",2024,0.16603365764411,0.166033657644111,0
"울산시북구",2020,0.091523371318499,0.720217450501224,0
"울산시북구",2021,0.00971685417162744,0.0158353413616898,0
"울산시북구",2022,0.174086672604569,0.474210414429949,0
"울산시북구",2023,0.0346596308859106,0.969973283036668,0
"울산시북구",2024,0.0475570915527488,0.962866883556308,0
"울산시울주군",2020,0.136626413414707,0.579462499533461,0
"울산시울주군",2021,0.0220931806188531,0.0328495219020554,0
"울산시울주군",2022,0.18989428711256,0.677119006411317,0
"울산시울주군",2023,0.016580756447968,0.989565518982235,0
"울산시울주군",2024,0.239805191698436,0.72335582220379,0
"세종시세종시",2020,0.0396740130402029,0.38438081960867,0
"세종시세종시",2021,0.0203694547989852,0.668053398023146,0
"세종시세종시",2022,0.067197699954803,0.529095976159888,0
"세종시세종시",2023,0.0829861262852747,0.564102082650747,0
"세종시세종시",2024,0.0938864806772719,0.4640969526216,0
"경기도의정부시",2020,0.0243680103101749,0.544819790140673,0
"경기도의정부시",2021,0.0010532255996815,0.984893258495171,0
"경기도의정부시",2022,0.0473378301541068,0.42188308551742,0
"경기도의정부시",2023,0.0137664788337751,0.0284733793728644,0
"경기도의정부시",2024,0.0747256631593424,0.465192326549333,0
"경기도광명시",2020,0.0457845473737558,0.51673268859641,0
"경기도광명시",2021,0.00583155606125987,0.950496797454866,0
"경기도광명시",2022,0.0716461176233398,0.244960657542283,0
"경기도광명시",2023,0.0558716353780681,0.105006718012967,0
"경기도광명시",2024,0.113164135591287,0.296785660050752,0
"경기도평택시",2020,0.0202721202499368,0.422960793743025,0
"경기도평택시",2021,0.0105565267219126,0.667077314520045,0
"경기도평택시",2022,0.0249577838663547,0.724706165693252,0
"경기도평택시",2023,0.040701186604769,0.614218272216943,0
"경기도평택시",2024,0.0453249576841959,0.629087854546025,0
"경기도동두천시",2020,0.0699466218739424,0.775203696051778,0
"경기도동두천시",2021,0.00877904389307486,0.964975193419077,0
"경기도동두천시",2022,0.0138470636850199,0.0138470636850199,0
"경기도동두천시",2023,0.12892345386086,0.180648896315704,0
"경기도동두천시",2024,0.0154792175532686,0.987831363740276,0
"경기도과천시",2020,0.174642542411255,0.518505081974371,0
"경기도과천시",2021,0.0529312454175858,0.852029375553991,0
"경기도과천시",2022,0.137884476545867,0.806755738431706,0
"경기도과천시",2023,0.224432189144936,0.344929460560732,0
"경기도과천시",2024,0.142641014333024,0.877145777872357,0
"경기도구리시",2020,0.0575734701500507,0.515089755867422,0
"경기도구리시",2021,0.000346039108159333,0.998204493028959,0
"경기도구리시",2022,0.0429114028283804,0.0778914668868723,0
"경기도구리시",2023,0.034478394836669,0.0438761973173801,0
"경기도구리시",2024,0.11626812468627,0.723681066632952,0
"경기도남양주시",2020,0.0145952056011951,0.538487537406156,0
"경기도남양주시",2021,0.000616922199555205,0.985033532172272,0
"경기도남양주시",2022,0.0244220692082584,0.230580001244695,0
"경기도남양주시",2023,0.0393221218045949,0.305366042195747,0
"경기도남양주시",2024,0.0189628632956633,0.865149808943285,0
"경기도오산시",2020,0.0308478335685891,0.194650806801627,0
"경기도오산시",2021,0.0239329615332572,0.446327317767933,0
"경기도오산시",2022,0.049746548268061,0.708759882153946,0
"경기도오산시",2023,0.0134181865478638,0.963651578320355,0
"경기도오산시",2024,0.0919463744343592,0.448882016967459,0
"경기도시흥시",2020,0.0156382580114619,0.69846885418306,0
"경기도시흥시",2021,0.00753670483912478,0.800325219870258,0
"경기도시흥시",2022,0.0190265960394914,0.826410886200539,0
"경기도시흥시",2023,0.0459964790404936,0.532697353316897,0
"경기도시흥시",2024,0.00555593653851347,0.0107721404080748,0
"경기도군포시",2020,0.0239397489909065,0.791495894765217,0
"경기도군포시",2021,0.0239614545183102,0.617662320295623,0
"경기도군포시",2022,0.050759388967033,0.742826536678946,0
"경기도군포시",2023,0.0916171558163989,0.435131272517889,0
"경기도군포시",2024,0.0732266616640248,0.764765157947432,0
"경기도의왕시",2020,0.0202428422418902,0.922708065099052,0
"경기도의왕시",2021,0.0385848759512425,0.683817468860682,0
"경기도의왕시",2022,0.02197761707466,0.0274947250707512,0
"경기도의왕시",2023,0.150649085179141,0.363957105800017,0
"경기도의왕시",2024,0.099025379875064,0.134528576639482,0
"경기도하남시",2020,0.0266158218854615,0.833017043067914,0
"경기도하남시",2021,0.0225940315711058,0.733540073313741,0
"경기도하남시",2022,0.0775777384458605,0.606399657234668,0
"경기도하남시",2023,0.0825936095884535,0.74403255890463,0
"경기도하남시",2024,0.0909899825960787,0.22107828640444,0
"경기도파주시",2020,0.0169251409589898,0.678078999725439,0
"경기도파주시",2021,0.00344970953980527,0.926784477259745,0
"경기도파주시",2022,0.0166476563948221,0.0770431629386787,0
"경기도파주시",2023,0.0434380551243425,0.682343794397663,0
"경기도파주시",2024,0.054535108726843,0.511573301081863,0
"경기도이천시",2020,0.0327050372579553,0.748815152050766,0
"경기도이천시",2021,0.0156190397716499,0.854293396078737,0
"경기도이천시",2022,0.088046359041688,0.395990354159204,0
"경기도이천시",2023,0.118067226450591,0.393470135061768,0
"경기도이천시",2024,0.0826742968651979,0.166116150045795,0
"경기도안성시",2020,0.0412495012274296,0.297258955335446,0
"경기도안성시",2021,0.0117939667392377,0.86347216149121,0
"경기도안성시",2022,0.0485883967821445,0.800743709760273,0
"경기도안성시",2023,0.0407884197057321,0.166400505647636,0
"경기도안성시",2024,0.0505618021480495,0.675603965451176,0
"경기도김포시",2020,0.0195986782063505,0.396306675063587,0
"경기도김포시",2021,0.0126758614497057,0.436549259492215,0
"경기도김포시",2022,0.0288986010728475,0.691127337585571,0
"경기도김포시",2023,0.0251187205483256,0.853250507659166,0
"경기도김포시",2024,0.00778540704538556,0.962467730244921,0
"경기도화성시",2020,0.0136499358588725,0.383750191856593,0
"경기도화성시",2021,0.00737982093288662,0.679442705485948,0
"경기도화성시",2022,0.00979617511589099,0.883016701059459,0
"경기도화성시",2023,0.0288583966371762,0.68108903838587,0
"경기도화성시",2024,0.0236050155799095,0.105588737782871,0
"경기도광주시",2020,0.0185041379904995,0.803832119239619,0
"경기도광주시",2021,0.0118924819811157,0.805802185426014,0
"경기도광주시",2022,0.0429065375300733,0.195272738836682,0
"경기도광주시",2023,0.0685939677630105,0.589189111579655,0
"경기도광주시",2024,0.0518911257336699,0.14263521093158,0
"경기도양주시",2020,0.0384466787984554,0.445075308524916,0
"경기도양주시",2021,0.0137612235299473,0.801770963796832,0
"경기도양주시",2022,0.0406450059669852,0.154276275078236,0
"경기도양주시",2023,0.0732246866295117,0.557226536406044,0
"경기도양주시",2024,0.0522323504789603,0.798442090299601,0
"경기도포천시",2020,0.0402502471030772,0.181724426199185,0
"경기도포천시",2021,0.011260188719226,0.908908377042809,0
"경기도포천시",2022,0.0423244808722498,0.0882835714842243,0
"경기도포천시",2023,0.104446418581357,0.22067635241522,0
"경기도포천시",2024,0.0154778825933681,0.977856958959619,0
"경기도여주시",2020,0.0551438118390399,0.763267228666261,0
"경기도여주시",2021,0.00762842643549327,0.963549896761122,0
"경기도여주시",2022,0.105316359210831,0.268458534694401,0
"경기도여주시",2023,0.152092787637066,0.36955378539135,0
"경기도여주시",2024,0.104967613865895,0.143408652467944,0
"경기도가평군",2020,0.0385527163011309,0.0493668615862125,0
"경기도가평군",2021,0.0396885383792025,0.888331258162985,0
"경기도가평군",2022,0.0838312167616194,0.905544113844941,0
"경기도가평군",2023,0.148580566444674,0.148580566444674,0
"경기도가평군",2024,0.293688044247935,0.495951777741404,0
"경기도양평군",2020,0.0684911011903203,0.229542099369206,0
"경기도양평군",2021,0.0155665320541832,0.925791922826848,0
"경기도양평군",2022,0.101138867913586,0.74422964203224,0
"경기도양평군",2023,0.0787527369358674,0.104995134181962,0
"경기도양평군",2024,0.189465655097966,0.385967256129053,0
"강원도춘천시",2020,0.0194758064227017,0.89347529052987,0
"강원도춘천시",2021,0.0217248117717969,0.78692847964957,0
"강원도춘천시",2022,0.088386683710072,0.497046172737999,0
"강원도춘천시",2023,0.0178693294995594,0.0222052396271499,0
"강원도춘천시",2024,0.123729812972559,0.340613408013401,0
"강원도원주시",2020,0.0374994450153348,0.66866605010753,0
"강원도원주시",2021,0.0303589444972978,0.4887448770549,0
"강원도원주시",2022,0.077958993631742,0.424383006178891,0
"강원도원주시",2023,0.0550125538571929,0.828536687812296,0
"강원도원주시",2024,0.0993818560958467,0.247699464078536,0
"강원도강릉시",2020,0.071325874615644,0.280167363144788,0
"강원도강릉시",2021,0.0435575866271631,0.223269830125454,0
"강원도강릉시",2022,0.118530684578975,0.321181350973184,0
"강원도강릉시",2023,0.130451875315533,0.728876268176505,0
"강원도강릉시",2024,0.157493859105386,0.669803341856572,0
"강원도동해시",2020,0.154108068593985,0.570006904482637,0
"강원도동해시",2021,0.113960916072926,0.504081309175189,0
"강원도동해시",2022,0.174387293506184,0.778455446740967,0
"강원도동해시",2023,0.20224764582605,0.202247645826051,0
"강원도동해시",2024,0.275409255781595,0.275409255781595,0
"강원도태백시",2020,0.156871566060597,0.156871566060597,0
"강원도태백시",2021,0.0695135858665357,0.0695135858665357,0
"강원도태백시",2022,0.343574702966246,0.721809743010614,0
"강원도태백시",2023,0.322199972015596,0.849526980942324,0
"강원도태백시",2024,0.289191860734811,0.9027791320287,0
"강원도속초시",2020,0.11876516980191,0.267961359174566,0
"강원도속초시",2021,0.0942644977240458,0.594728943640912,0
"강원도속초시",2022,0.184444900526238,0.706614077102618,0
"강원도속초시",2023,0.0343478390971963,0.976337485985626,0
"강원도속초시",2024,0.116714730010513,0.917788401950245,0
"강원도삼척시",2020,0.18608668598879,0.576327037927467,0
"강원도삼척시",2021,0.129666732891808,0.298423034012682,0
"강원도삼척시",2022,0.235815302309856,0.743521423954882,0
"강원도삼척시",2023,0.337508741915151,0.651767379498992,0
"강원도삼척시",2024,0.177181512208106,0.901674170467923,0
"강원도홍천군",2020,0.120967066026603,0.552885522886589,0
"강원도홍천군",2021,0.00871018974303587,0.978703255480991,0
"강원도홍천군",2022,0.191005360679812,0.612776368904476,0
"강원도홍천군",2023,0.225098916397309,0.344785932326413,0
"강원도홍천군",2024,0.262968694891221,0.42210390483043,0
"강원도횡성군",2020,0.0484346486143765,0.937400859313556,0
"강원도횡성군",2021,0.0604030388382883,0.0973187073681834,0
"강원도횡성군",2022,0.133345324885073,0.133345324885073,0
"강원도횡성군",2023,0.310295333719565,0.543806543726739,0
"강원도횡성군",2024,0.204394448027344,0.857331868438812,0
"강원도영월군",2020,0.0965012153014997,0.0965012153014997,0
"강원도영월군",2021,0.159175517163617,0.609031121776954,0
"강원도영월군",2022,0.239898405338078,0.239898405338079,0
"강원도영월군",2023,0.381137466939497,0.381137466939497,0
"강원도영월군",2024,0.00182076195942649,0.999574281784867,0
"강원도평창군",2020,0.168563645734975,0.331019233806407,0
"강원도평창군",2021,0.0265925861562503,0.957220867083837,0
"강원도평창군",2022,0.257382572610739,0.412009266289416,0
"강원도평창군",2023,0.0967907258571892,0.944290314275837,0
"강원도평창군",2024,0.179713375836201,0.898582079155606,0
"강원도정선군",2020,0.121105168662464,0.91238549598929,0
"강원도정선군",2021,0.228493856069949,0.554043416232365,0
"강원도정선군",2022,0.343562957628474,0.758161483492238,0
"강원도정선군",2023,0.492049374942117,0.492049374942117,0
"강원도정선군",2024,0.29326559852683,0.898934437820052,0
"강원도철원군",2020,0.148866094467758,0.283790775817904,0
"강원도철원군",2021,0.116375657061967,0.620293442331586,0
"강원도철원군",2022,0.255914162336628,0.411366781335416,0
"강원도철원군",2023,0.0937053396042114,0.945998796576802,0
"강원도철원군",2024,0.185074726540349,0.888206425986853,0
"강원도화천군",2020,0.236535932233745,0.622926745760325,0
"강원도화천군",2021,0.176796743417676,0.357810836591962,0
"강원도화천군",2022,0.385954066792373,0.385954066792373,0
"강원도화천군",2023,0.512617449186932,0.512617449186933,0
"강원도화천군",2024,0.0762131776285882,0.98154252768114,0
"강원도양구군",2020,0.298030747757834,0.517194604974184,0
"강원도양구군",2021,0.215563475969423,0.497975795245773,0
"강원도양구군",2022,0.342267573745895,0.736354265685735,0
"강원도양구군",2023,0.3140853177232,0.863476350301998,0
"강원도양구군",2024,0.621056289620475,0.621056289620475,0
"강원도인제군",2020,0.220764580039962,0.510327107811081,0
"강원도인제군",2021,0.155605439901794,0.587991152543187,0
"강원도인제군",2022,0.214794619087509,0.82904563150811,0
"강원도인제군",2023,0.0141791784285284,0.222138769940656,0
"강원도인제군",2024,0.000125258514866179,0.00012525851486618,0
"강원도고성군",2020,0.249834680641102,0.249834680641102,0
"강원도고성군",2021,0.225702732984467,0.593197985899768,0
"강원도고성군",2022,0.329973017248403,0.80947369929095,0
"강원도고성군",2023,0.552093962266873,0.552093962266873,0
"강원도고성군",2024,0.615817100177806,0.615817100177806,0
"강원도양양군",2020,0.32844828848468,0.67194424925698,0
"강원도양양군",2021,0.221801051308196,0.723883190167173,0
"강원도양양군",2022,0.516508718672404,0.516508718672404,0
"강원도양양군",2023,0.264719245400746,0.919758226859468,0
"강원도양양군",2024,0.249338881116243,0.933009281484114,0
"충청북도충주시",2020,0.0548358224727305,0.257104527388288,0
"충청북도충주시",2021,0.0388854295685237,0.618359702789969,0
"충청북도충주시",2022,0.0742909704858513,0.7588399055587,0
"충청북도충주시",2023,0.183048403768916,0.456155489021801,0
"충청북도충주시",2024,0.1487717212139,0.472237915848384,0
"충청북도제천시",2020,0.0899919532863271,0.578477922453535,0
"충청북도제천시",2021,0.0583961934721267,0.652508684958509,0
"충청북도제천시",2022,0.0185718418089149,0.974893216070335,0
"충청북도제천시",2023,0.13922713039688,0.196303326599753,0
"충청북도제천시",2024,0.212391028978739,0.466453288254674,0
"충청북도보은군",2020,0.0858473233337966,0.898992320103118,0
"충청북도보은군",2021,0.143378560904378,0.34354273303507,0
"충청북도보은군",2022,0.231812276010675,0.771866790850966,0
"충청북도보은군",2023,0.179237407534522,0.899268654689533,0
"충청북도보은군",2024,0.384067320283885,0.384067320283885,0
"충청북도옥천군",2020,0.059662626557422,0.911767052338893,0
"충청북도옥천군",2021,0.11959832650951,0.573452981153956,0
"충청북도옥천군",2022,0.170419047225045,0.805618538778122,0
"충청북도옥천군",2023,0.225114389346256,0.225114389346256,0
"충청북도옥천군",2024,0.332057550601456,0.622456218084101,0
"충청북도영동군",2020,0.156416548580222,0.666580382550255,0
"충청북도영동군",2021,0.125429093666171,0.453515430883504,0
"충청북도영동군",2022,0.0366659998710848,0.974932278668424,0
"충청북도영동군",2023,0.0151496507161784,0.992888648864131,0
"충청북도영동군",2024,0.0225312724169381,0.991285688334397,0
"충청북도진천군",2020,0.081648100546694,0.652418815685376,0
"충청북도진천군",2021,0.0167301315314278,0.928043195745125,0
"충청북도진천군",2022,0.134805662827558,0.533257434607022,0
"충청북도진천군",2023,0.0923217016949891,0.846263401771561,0
"충청북도진천군",2024,0.123225884670214,0.171321672372632,0
"충청북도괴산군",2020,0.159011614690862,0.63077519713975,0
"충청북도괴산군",2021,0.0326602570943797,0.943784129106206,0
"충청북도괴산군",2022,0.0752192830067663,0.944748563243973,0
"충청북도괴산군",2023,0.330794847363339,0.613379215415188,0
"충청북도괴산군",2024,0.190303161426571,0.884075737068455,0
"충청북도음성군",2020,0.075632319933975,0.652546122630957,0
"충청북도음성군",2021,0.0430136980604216,0.719105922001684,0
"충청북도음성군",2022,0.130430341023294,0.483458733327058,0
"충청북도음성군",2023,0.171206096409915,0.455116869541764,0
"충청북도음성군",2024,0.187050032269701,0.38162340345082,0
"충청북도단양군",2020,0.125144460379346,0.906517752908513,0
"충청북도단양군",2021,0.178560466988785,0.26281698255248,0
"충청북도단양군",2022,0.42562933522567,0.42562933522567,0
"충청북도단양군",2023,0.528985290513031,0.528985290513031,0
"충청북도단양군",2024,0.0813041604385929,0.979551491776427,0
"충청북도증평군",2020,0.178838424680559,0.361663556956707,0
"충청북도증평군",2021,0.0966602278213376,0.748831016129433,0
"충청북도증평군",2022,0.267066544929681,0.434583027280897,0
"충청북도증평군",2023,0.328964554036137,0.611706370957845,0
"충청북도증평군",2024,0.195034130709464,0.873397776867844,0
"충청남도공주시",2020,0.0225990223387091,0.927361540134582,0
"충청남도공주시",2021,0.0253316591357304,0.868100862696907,0
"충청남도공주시",2022,0.00834952156126853,0.987870089652186,0
"충청남도공주시",2023,0.160332677167876,0.620235207049331,0
"충청남도공주시",2024,0.111368636522249,0.153079868902909,0
"충청남도보령시",2020,0.0583487540815995,0.629555691592863,0
"충청남도보령시",2021,0.042219547502267,0.608876398996214,0
"충청남도보령시",2022,0.108332211399038,0.281789528597488,0
"충청남도보령시",2023,0.133571374545678,0.693483326433806,0
"충청남도보령시",2024,0.158570432171732,0.621533577098312,0
"충청남도아산시",2020,0.0063831932799707,0.948624726859557,0
"충청남도아산시",2021,0.00563569358672198,0.918925544484753,0
"충청남도아산시",2022,0.0319438941409842,0.802953173430576,0
"충청남도아산시",2023,0.0161136062137401,0.0338385595740622,0
"충청남도아산시",2024,0.0377368382649631,0.0980047924992571,0
"충청남도서산시",2020,0.0373776100831989,0.774407677377272,0
"충청남도서산시",2021,0.015395085441636,0.874883100770023,0
"충청남도서산시",2022,0.0971795578583707,0.341755342306086,0
"충청남도서산시",2023,0.119856524318847,0.326693126709507,0
"충청남도서산시",2024,0.0539048107080022,0.0857009455017051,0
"충청남도논산시",2020,0.0550464389355747,0.192311905189133,0
"충청남도논산시",2021,0.0341498267649023,0.746430941876208,0
"충청남도논산시",2022,0.0919915003810779,0.731277303082138,0
"충청남도논산시",2023,0.108821406979876,0.189504568238154,0
"충청남도논산시",2024,0.160149734781927,0.62687571585813,0
"충청남도계룡시",2020,0.0806863990109433,0.800992988804296,0
"충청남도계룡시",2021,0.0785955878798474,0.594265310847287,0
"충청남도계룡시",2022,0.234565221473162,0.610115495067486,0
"충청남도계룡시",2023,0.149850504904088,0.149850504904088,0
"충청남도계룡시",2024,0.29924187269452,0.518964195846215,0
"충청남도당진시",2020,0.0425104680666118,0.338377873388843,0
"충청남도당진시",2021,0.0146034300254137,0.828632162210556,0
"충청남도당진시",2022,0.086234418173459,0.47984956807131,0
"충청남도당진시",2023,0.0373310025704887,0.0576621761068637,0
"충청남도당진시",2024,0.124254361685106,0.442023342857569,0
"충청남도금산군",2020,0.148068231895271,0.277077893722115,0
"충청남도금산군",2021,0.0465717811260115,0.902550363885676,0
"충청남도금산군",2022,0.240199417359705,0.626050546741539,0
"충청남도금산군",2023,0.305672395706208,0.527723841194671,0
"충청남도금산군",2024,0.121981330928245,0.91393220865339,0
"충청남도부여군",2020,0.0928564008135657,0.45325268426515,0
"충청남도부여군",2021,0.0543176017009534,0.679686104027142,0
"충청남도부여군",2022,0.0166204240924693,0.978502298174833,0
"충청남도부여군",2023,0.190752703946474,0.39182061053761,0
"충청남도부여군",2024,0.217716188133565,0.331065652417209,0
"충청남도서천군",2020,0.0898777780746245,0.730563167770369,0
"충청남도서천군",2021,0.0856161543477625,0.478873099928949,0
"충청남도서천군",2022,0.11116596261405,0.825702161723361,0
"충청남도서천군",2023,0.21938386764645,0.335459215738656,0
"충청남도서천군",2024,0.177509336480127,0.177509336480127,0
"충청남도청양군",2020,0.173135766569499,0.471136310777857,0
"충청남도청양군",2021,0.116548376890423,0.315243362326126,0
"충청남도청양군",2022,0.154840722663854,0.85117728638127,0
"충청남도청양군",2023,0.219038197970274,0.821512560784278,0
"충청남도청양군",2024,0.337904238016316,0.337904238016316,0
"충청남도홍성군",2020,0.031777250014866,0.870756483186061,0
"충청남도홍성군",2021,0.0298648962107848,0.800478857682372,0
"충청남도홍성군",2022,0.106796887407103,0.65987508754377,0
"충청남도홍성군",2023,0.107508006095166,0.187349004718212,0
"충청남도홍성군",2024,0.0862278688723614,0.11603722234438,0
"충청남도예산군",2020,0.0669238256852279,0.719182564946414,0
"충청남도예산군",2021,0.00199661590741534,0.992607009714774,0
"충청남도예산군",2022,0.136187512949246,0.401626087618006,0
"충청남도예산군",2023,0.0788218426092537,0.105336410570875,0
"충청남도예산군",2024,0.160724125617731,0.30848644237478,0
"충청남도태안군",2020,0.0604455249793597,0.118194055975655,0
"충청남도태안군",2021,0.0586578765834123,0.69798360112153,0
"충청남도태안군",2022,0.117879572716307,0.779555275744137,0
"충청남도태안군",2023,0.129287635717748,0.824170092470752,0
"충청남도태안군",2024,0.232680321664563,0.602254321129578,0
"전라북도군산시",2020,0.00157733176176841,0.988737791776257,0
"전라북도군산시",2021,0.0187673505567277,0.213283071114309,0
"전라북도군산시",2022,0.0460347563350274,0.703321505767227,0
"전라북도군산시",2023,0.0418336400756378,0.110460871656803,0
"전라북도군산시",2024,0.0879520528840499,0.491061382558262,0
"전라북도익산시",2020,0.0253422633592506,0.746581726017151,0
"전라북도익산시",2021,0.02020996338587,0.209573085083051,0
"전라북도익산시",2022,0.04209270045752,0.772892665163146,0
"전라북도익산시",2023,0.0550123936231124,0.772980796488752,0
"전라북도익산시",2024,0.0905207257647117,0.53405067944548,0
"전라북도정읍시",2020,0.0550786735469239,0.764379837940249,0
"전라북도정읍시",2021,0.0506921804023529,0.333029358791386,0
"전라북도정읍시",2022,0.103585997062861,0.715403610307845,0
"전라북도정읍시",2023,0.0224248285293771,0.972113876644462,0
"전라북도정읍시",2024,0.179893465365388,0.359148764399007,0
"전라북도남원시",2020,0.132346256612731,0.707845069836405,0
"전라북도남원시",2021,0.118892104208804,0.534012015574754,0
"전라북도남원시",2022,0.235539241533471,0.365941740118467,0
"전라북도남원시",2023,0.304652587925725,0.525857449006762,0
"전라북도남원시",2024,0.0931422743237979,0.948529496126745,0
"전라북도김제시",2020,0.0160495741676022,0.0268779491957872,0
"전라북도김제시",2021,0.0586028727849877,0.404383548825247,0
"전라북도김제시",2022,0.0989993385418622,0.752612636570842,0
"전라북도김제시",2023,0.0180757945803439,0.979152870312736,0
"전라북도김제시",2024,0.0206519129138008,0.978680964215439,0
"전라북도완주군",2020,0.0832735147792083,0.609927627366796,0
"전라북도완주군",2021,0.0395966806994851,0.1388653065015,0
"전라북도완주군",2022,0.0165510973337225,0.975745650581627,0
"전라북도완주군",2023,0.0890490709087806,0.857504086074152,0
"전라북도완주군",2024,0.149461766840158,0.75817078330628,0
"전라북도진안군",2020,0.262501973392855,0.423792849832838,0
"전라북도진안군",2021,0.20572770096358,0.446916063982196,0
"전라북도진안군",2022,0.174732912112589,0.904605943080483,0
"전라북도진안군",2023,0.339004262455715,0.796742834002255,0
"전라북도진안군",2024,0.311137734532979,0.874198744077692,0
"전라북도무주군",2020,0.338349715634287,0.658653240052928,0
"전라북도무주군",2021,0.238885051911118,0.705849176285344,0
"전라북도무주군",2022,0.503437273244685,0.503437273244685,0
"전라북도무주군",2023,0.28550210806621,0.908154962766526,0
"전라북도무주군",2024,0.662163297431928,0.662163297431928,0
"전라북도장수군",2020,0.341459407594467,0.679181738627566,0
"전라북도장수군",2021,0.293385269818228,0.499271506570299,0
"전라북도장수군",2022,0.58820599550501,0.58820599550501,0
"전라북도장수군",2023,0.247132586882012,0.940820856036,0
"전라북도장수군",2024,0.223739992321672,0.954975187917831,0
"전라북도임실군",2020,0.120502788474687,0.120502788474687,0
"전라북도임실군",2021,0.186589506124007,0.575468153574448,0
"전라북도임실군",2022,0.0257302130629777,0.989460866762,0
"전라북도임실군",2023,0.457019860827167,0.457019860827168,0
"전라북도임실군",2024,0.107354986414766,0.966059352269055,0
"전라북도순창군",2020,0.239747328654215,0.70134331776299,0
"전라북도순창군",2021,0.187208413743909,0.698066414735459,0
"전라북도순창군",2022,0.334929922936828,0.637230684916582,0
"전라북도순창군",2023,0.012043444228208,0.996400695662901,0
"전라북도순창군",2024,0.333465810368638,0.823698985837271,0
"전라북도고창군",2020,0.113318946350112,0.717003448149964,0
"전라북도고창군",2021,0.103844755931498,0.50432333904918,0
"전라북도고창군",2022,0.19372247020467,0.288496928857074,0
"전라북도고창군",2023,0.24014688164187,0.681904376806036,0
"전라북도고창군",2024,0.221446239539305,0.221446239539305,0
"전라북도부안군",2020,0.00615399979658092,0.989257195785341,0
"전라북도부안군",2021,0.0624622577787101,0.2090262270802,0
"전라북도부안군",2022,0.154337884192735,0.701724585134275,0
"전라북도부안군",2023,0.184326712551429,0.726544604235701,0
"전라북도부안군",2024,0.159946955055481,0.836104490654821,0
"전라남도목포시",2020,0.0712765312399712,0.327862541905094,0
"전라남도목포시",2021,0.0347841119478648,0.768208454213901,0
"전라남도목포시",2022,0.118878717462658,0.327318136771827,0
"전라남도목포시",2023,0.127879514126665,0.732396562885217,0
"전라남도목포시",2024,0.155565730147487,0.665317482521984,0
"전라남도여수시",2020,0.0263388591784487,0.0532330155942206,0
"전라남도여수시",2021,0.0118979724036321,0.030131573461316,0
"전라남도여수시",2022,0.0894673453169384,0.1891623286506,0
"전라남도여수시",2023,0.000854341715038786,0.999088938863585,0
"전라남도여수시",2024,0.167517907091739,0.336386226294242,0
"전라남도순천시",2020,0.0282202129633912,0.05623395380509,0
"전라남도순천시",2021,0.0576853562518236,0.455787129265688,0
"전라남도순천시",2022,0.120367875423593,0.646458000667353,0
"전라남도순천시",2023,0.0870284042500706,0.863172257197759,0
"전라남도순천시",2024,0.156577355263948,0.695125220236059,0
"전라남도나주시",2020,0.108854341100945,0.424822959196451,0
"전라남도나주시",2021,0.0795499900855377,0.474148445823527,0
"전라남도나주시",2022,0.117018514172063,0.804847805914881,0
"전라남도나주시",2023,0.183473099849255,0.270021918572263,0
"전라남도나주시",2024,0.164688634741066,0.823701309487571,0
"전라남도광양시",2020,0.0313288386195048,0.929191756423403,0
"전라남도광양시",2021,0.0552912377004991,0.177170330505957,0
"전라남도광양시",2022,0.122153490881129,0.774019657871111,0
"전라남도광양시",2023,0.138041469510421,0.80250439522397,0
"전라남도광양시",2024,0.115374695183315,0.872641893194406,0
"전라남도담양군",2020,0.122682137013136,0.170985604427928,0
"전라남도담양군",2021,0.113209631953964,0.248202978747668,0
"전라남도담양군",2022,0.287775908967028,0.482614424447815,0
"전라남도담양군",2023,0.336374860195394,0.643915312547358,0
"전라남도담양군",2024,0.0666309795746011,0.970999119489914,0
"전라남도곡성군",2020,0.283082624831164,0.283082624831164,0
"전라남도곡성군",2021,0.242274829641692,0.380277101978466,0
"전라남도곡성군",2022,0.129001413112606,0.951380878068135,0
"전라남도곡성군",2023,0.0799809352445443,0.980363757850621,0
"전라남도곡성군",2024,0.610727373136543,0.610727373136543,0
"전라남도구례군",2020,0.339876881300726,0.673262735721417,0
"전라남도구례군",2021,0.287079128468338,0.483449731688162,0
"전라남도구례군",2022,0.59689639149716,0.59689639149716,0
"전라남도구례군",2023,0.24016839074858,0.945392507938769,0
"전라남도구례군",2024,0.739779644610074,0.739779644610074,0
"전라남도고흥군",2020,0.191929005397475,0.420485970028986,0
"전라남도고흥군",2021,0.137263283496671,0.346766005757532,0
"전라남도고흥군",2022,0.295853072799469,0.518319947775475,0
"전라남도고흥군",2023,0.00435986319698412,0.998480825906821,0
"전라남도고흥군",2024,0.366005443215251,0.366005443215252,0
"전라남도보성군",2020,0.238586539654276,0.676498625009982,0
"전라남도보성군",2021,0.201516556416105,0.435041685064381,0
"전라남도보성군",2022,0.164567093685721,0.916428817912507,0
"전라남도보성군",2023,0.316040615370738,0.863409875911539,0
"전라남도보성군",2024,0.100866907542778,0.969452975213514,0
"전라남도화순군",2020,0.153705857021049,0.726338516771482,0
"전라남도화순군",2021,0.115242762976846,0.720918339190113,0
"전라남도화순군",2022,0.238462009146881,0.739611242064717,0
"전라남도화순군",2023,0.340483203160275,0.660654439230696,0
"전라남도화순군",2024,0.0141671551706061,0.995582072202955,0
"전라남도장흥군",2020,0.260772930058217,0.260772930058217,0
"전라남도장흥군",2021,0.166868424832351,0.803958455943833,0
"전라남도장흥군",2022,0.512871438026381,0.512871438026381,0
"전라남도장흥군",2023,0.5889602831483,0.5889602831483,0
"전라남도장흥군",2024,0.270086440115459,0.922286707823652,0
"전라남도강진군",2020,0.302723883575728,0.531563921041197,0
"전라남도강진군",2021,0.172787773599488,0.768713176051542,0
"전라남도강진군",2022,0.441974207416183,0.441974207416183,0
"전라남도강진군",2023,0.56358899178059,0.56358899178059,0
"전라남도강진군",2024,0.634601769454019,0.634601769454019,0
"전라남도해남군",2020,0.245062493858825,0.39443015827051,0
"전라남도해남군",2021,0.122157141513497,0.173213938423814,0
"전라남도해남군",2022,0.347144517775873,0.347144517775873,0
"전라남도해남군",2023,0.457266019027415,0.457266019027416,0
"전라남도해남군",2024,0.54697061272067,0.54697061272067,0
"전라남도영암군",2020,0.187678702090204,0.593050387113487,0
"전라남도영암군",2021,0.0678601987468094,0.860719947723279,0
"전라남도영암군",2022,0.149039954904057,0.863815146897943,0
"전라남도영암군",2023,0.0281414128848867,0.987868033846343,0
"전라남도영암군",2024,0.345252817551178,0.717683411391959,0
"전라남도무안군",2020,0.157673632209122,0.399914953587291,0
"전라남도무안군",2021,0.105330524160587,0.404137903246786,0
"전라남도무안군",2022,0.186269650143116,0.275693675923658,0
"전라남도무안군",2023,0.260584025078712,0.420120904405794,0
"전라남도무안군",2024,0.230642376460767,0.774680817539347,0
"전라남도함평군",2020,0.221046356304331,0.5089799994427,0
"전라남도함평군",2021,0.0844219747946653,0.866883554387319,0
"전라남도함평군",2022,0.32631485205166,0.599255480317344,0
"전라남도함평군",2023,0.342765337538564,0.778778961816958,0
"전라남도함평군",2024,0.462593941758527,0.462593941758527,0
"전라남도영광군",2020,0.164227138691709,0.43487764987574,0
"전라남도영광군",2021,0.098308261374386,0.252661532222563,0
"전라남도영광군",2022,0.237113394980762,0.708917872158399,0
"전라남도영광군",2023,0.324663915794402,0.600229544523717,0
"전라남도영광군",2024,0.0847452538394962,0.954888567053866,0
"전라남도장성군",2020,0.0928183969392519,0.125743802181531,0
"전라남도장성군",2021,0.028460772906968,0.947989020304362,0
"전라남도장성군",2022,0.0998700031110818,0.90733379737011,0
"전라남도장성군",2023,0.305312262270232,0.527236526638421,0
"전라남도장성군",2024,0.277992999813317,0.277992999813318,0
"전라남도신안군",2020,0.0480036952055008,0.96775698652367,0
"전라남도신안군",2021,0.176227673638206,0.266238474404743,0
"전라남도신안군",2022,0.402608183571327,0.402608183571327,0
"전라남도신안군",2023,0.315562862489665,0.84690305180588,0
"전라남도신안군",2024,0.560307399821352,0.560307399821352,0
"경상북도경주시",2020,0.0892131278627195,0.566151508627086,0
"경상북도경주시",2021,0.0583690180059998,0.639956065545753,0
"경상북도경주시",2022,0.105366662072235,0.786386358181521,0
"경상북도경주시",2023,0.0652559441153016,0.918877131588949,0
"경상북도경주시",2024,0.208497974851469,0.45313572560554,0
"경상북도김천시",2020,0.0563752485657353,0.0903067957374783,0
"경상북도김천시",2021,0.0883308645669608,0.545258580308104,0
"경상북도김천시",2022,0.100201171237423,0.862898670391701,0
"경상북도김천시",2023,0.179837710207692,0.763273751484604,0
"경상북도김천시",2024,0.154005883934853,0.853170577513129,0
"경상북도안동시",2020,0.0884092474498661,0.214900216933211,0
"경상북도안동시",2021,0.020705568421068,0.0400970134705779,0
"경상북도안동시",2022,0.110317479584812,0.151808907362266,0
"경상북도안동시",2023,0.124485836357012,0.851233648047759,0
"경상북도안동시",2024,0.171834309837599,0.79984105483744,0
"경상북도구미시",2020,0.0383401437703993,0.818361015522922,0
"경상북도구미시",2021,0.0177229085577857,0.0664590561148153,0
"경상북도구미시",2022,0.0869373257039799,0.68110193197004,0
"경상북도구미시",2023,0.117739601173429,0.317821150932585,0
"경상북도구미시",2024,0.0921659681134181,0.156638538306456,0
"경상북도영주시",2020,0.149798257746148,0.497622379552784,0
"경상북도영주시",2021,0.0750635320357817,0.175767996947223,0
"경상북도영주시",2022,0.117703890846625,0.867893094476611,0
"경상북도영주시",2023,0.0787269486241459,0.939092630698171,0
"경상북도영주시",2024,0.116241559423725,0.920936955491092,0
"경상북도영천시",2020,0.13589583325223,0.668145302850848,0
"경상북도영천시",2021,0.117081210927835,0.636652810254572,0
"경상북도영천시",2022,0.108509711080587,0.108509711080587,0
"경상북도영천시",2023,0.0677090030770398,0.953549718825885,0
"경상북도영천시",2024,0.108486657665789,0.931669466880636,0
"경상북도상주시",2020,0.121068180502421,0.331065220851577,0
"경상북도상주시",2021,0.0128823835760955,0.0186309764294409,0
"경상북도상주시",2022,0.193804302316625,0.402537754037962,0
"경상북도상주시",2023,0.239482140991889,0.622934788433132,0
"경상북도상주시",2024,0.0697259322605789,0.95127695257044,0
"경상북도문경시",2020,0.152965913219043,0.518898477555668,0
"경상북도문경시",2021,0.0841469319131058,0.202577794168931,0
"경상북도문경시",2022,0.211889115859677,0.32103131222505,0
"경상북도문경시",2023,0.236939967212627,0.742531694474677,0
"경상북도문경시",2024,0.214621217585819,0.834748060855742,0
"경상북도경산시",2020,0.0784901903599489,0.453404681662809,0
"경상북도경산시",2021,0.0165151035661468,0.0424210746613204,0
"경상북도경산시",2022,0.1315995429977,0.379056306011733,0
"경상북도경산시",2023,0.123495661962376,0.773860736325713,0
"경상북도경산시",2024,0.148739054412552,0.756864232696868,0
"대구시군위군",2020,0.395819524784019,0.395819524784019,0
"대구시군위군",2021,0.315816566869348,0.569080898602655,0
"대구시군위군",2022,0.590247727209385,0.590247727209385,0
"대구시군위군",2023,0.693649908554074,0.693649908554074,0
"대구시군위군",2024,0.212179389783578,0.960691533705388,0
"경상북도의성군",2020,0.0954540646723894,0.0954540646723894,0
"경상북도의성군",2021,0.159800688551693,0.232011914388501,0
"경상북도의성군",2022,0.306975809659151,0.306975809659151,0
"경상북도의성군",2023,0.0500699633587005,0.981738360276711,0
"경상북도의성군",2024,0.121829714908857,0.956050819045993,0
"경상북도청송군",2020,0.341409607254411,0.673949604533453,0
"경상북도청송군",2021,0.194791972521304,0.194791972521304,0
"경상북도청송군",2022,0.310653888642729,0.875780145148056,0
"경상북도청송군",2023,0.671197083405477,0.671197083405478,0
"경상북도청송군",2024,0.232965859126463,0.950490109841838,0
"경상북도영양군",2020,0.130592046086331,0.949326909516821,0
"경상북도영양군",2021,0.298450997414889,0.298450997414889,0
"경상북도영양군",2022,0.677752886063837,0.677752886063837,0
"경상북도영양군",2023,0.19377356753488,0.968950615555421,0
"경상북도영양군",2024,0.166458290332418,0.978554174595874,0
"경상북도영덕군",2020,0.301592863373856,0.524110248567705,0
"경상북도영덕군",2021,0.204105811852579,0.309236163236963,0
"경상북도영덕군",2022,0.339923950230122,0.786381088821992,0
"경상북도영덕군",2023,0.3084511561012,0.876147355973971,0
"경상북도영덕군",2024,0.0598798237835833,0.987961665467418,0
"경상북도청도군",2020,0.239206392773862,0.239206392773862,0
"경상북도청도군",2021,0.233973854374498,0.580229159769893,0
"경상북도청도군",2022,0.130916376706769,0.95000815354113,0
"경상북도청도군",2023,0.0197919127738974,0.995636810483916,0
"경상북도청도군",2024,0.629732787183043,0.629732787183043,0
"경상북도고령군",2020,0.28271428324325,0.282714283243251,0
"경상북도고령군",2021,0.26024133715239,0.421275778849751,0
"경상북도고령군",2022,0.320522264096464,0.85340451566455,0
"경상북도고령군",2023,0.613847228555586,0.613847228555587,0
"경상북도고령군",2024,0.685886361074731,0.685886361074731,0
"경상북도성주군",2020,0.239940583936882,0.688351244872286,0
"경상북도성주군",2021,0.159295369768669,0.229808416548511,0
"경상북도성주군",2022,0.343519615527354,0.69666319672065,0
"경상북도성주군",2023,0.125877676516981,0.953509041635295,0
"경상북도성주군",2024,0.311990665553535,0.872438780450138,0
"경상북도칠곡군",2020,0.0929321966389586,0.78636033090006,0
"경상북도칠곡군",2021,0.104129812177417,0.499511701481048,0
"경상북도칠곡군",2022,0.165859586934882,0.239886285956563,0
"경상북도칠곡군",2023,0.24124592014083,0.676038628206625,0
"경상북도칠곡군",2024,0.236750915395274,0.236750915395274,0
"경상북도예천군",2020,0.175914936811455,0.350219842486458,0
"경상북도예천군",2021,0.0703505170214007,0.115600097976922,0
"경상북도예천군",2022,0.0132004329642163,0.992207448750665,0
"경상북도예천군",2023,0.0102490878233633,0.995847997520721,0
"경상북도예천군",2024,0.345098693140867,0.709808425667231,0
"경상북도봉화군",2020,0.288974628505653,0.485025047928972,0
"경상북도봉화군",2021,0.190687193479653,0.282841151677089,0
"경상북도봉화군",2022,0.341305338839336,0.791597987052504,0
"경상북도봉화군",2023,0.101334372879881,0.969676583273054,0
"경상북도봉화군",2024,0.584713783812903,0.584713783812903,0
"경상북도울진군",2020,0.230937988643352,0.571839450530241,0
"경상북도울진군",2021,0.030154998526664,0.961036477453368,0
"경상북도울진군",2022,0.0899511266364223,0.950300106725427,0
"경상북도울진군",2023,0.343769704242382,0.751134183906937,0
"경상북도울진군",2024,0.4557107080167,0.4557107080167,0
"경상남도진주시",2020,0.0422766187949537,0.886641279182208,0
"경상남도진주시",2021,0.0263907095700531,0.0588080834093607,0
"경상남도진주시",2022,0.09163222545528,0.124063450563351,0
"경상남도진주시",2023,0.213134925343745,0.472130235993408,0
"경상남도진주시",2024,0.117351641209711,0.869323226058975,0
"경상남도통영시",2020,0.162332122810957,0.462234210187273,0
"경상남도통영시",2021,0.117242981093025,0.45609903525336,0
"경상남도통영시",2022,0.166713114779797,0.774751828919033,0
"경상남도통영시",2023,0.296728612926375,0.52287328452021,0
"경상남도통영시",2024,0.0851666569618383,0.950397661954364,0
"경상남도사천시",2020,0.158677021089408,0.420679285996014,0
"경상남도사천시",2021,0.00415443135166352,0.00415443135166352,0
"경상남도사천시",2022,0.232871846761877,0.365962787160573,0
"경상남도사천시",2023,0.0126830037556814,0.994008687861354,0
"경상남도사천시",2024,0.195097702064362,0.867292231007947,0
"경상남도김해시",2020,0.00645111661937733,0.0114899609350989,0
"경상남도김해시",2021,0.0333927640098542,0.202370678950895,0
"경상남도김해시",2022,0.0556667538185711,0.842465086551129,0
"경상남도김해시",2023,0.132298186353574,0.506864949396095,0
"경상남도김해시",2024,0.0855806836589588,0.824362212007759,0
"경상남도밀양시",2020,0.0313938963881412,0.966923309954292,0
"경상남도밀양시",2021,0.115053022131704,0.203994831459438,0
"경상남도밀양시",2022,0.197758699475278,0.197758699475278,0
"경상남도밀양시",2023,0.342715573270238,0.685214253729247,0
"경상남도밀양시",2024,0.345446379317547,0.746953909454478,0
"경상남도양산시",2020,0.0896920387532341,0.30087133881886,0
"경상남도양산시",2021,0.0634916521308572,0.332959567192116,0
"경상남도양산시",2022,0.0845270897206651,0.869680090281607,0
"경상남도양산시",2023,0.163336817346778,0.235650832815677,0
"경상남도양산시",2024,0.227663093207176,0.536470488730248,0
"경상남도의령군",2020,0.332155541135716,0.824246925974712,0
"경상남도의령군",2021,0.294903785142251,0.294903785142251,0
"경상남도의령군",2022,0.665321633820631,0.665321633820631,0
"경상남도의령군",2023,0.205282123386121,0.964172798413036,0
"경상남도의령군",2024,0.790558715066801,0.790558715066802,0
"경상남도함안군",2020,0.251020978373486,0.40082525989606,0
"경상남도함안군",2021,0.14216250827858,0.202577406904739,0
"경상남도함안군",2022,0.173304012965075,0.905252182205864,0
"경상남도함안군",2023,0.122032251069606,0.955562356435241,0
"경상남도함안군",2024,0.110125899539429,0.963701019563766,0
"경상남도창녕군",2020,0.235889284290002,0.622507266360486,0
"경상남도창녕군",2021,0.177438525739376,0.503518474936853,0
"경상남도창녕군",2022,0.335308402023078,0.638742939308306,0
"경상남도창녕군",2023,0.427232397361105,0.427232397361105,0
"경상남도창녕군",2024,0.333415945431144,0.82474090693178,0
"경상남도고성군",2020,0.204402382459021,0.849220744518355,0
"경상남도고성군",2021,0.127858058927358,0.127858058927358,0
"경상남도고성군",2022,0.433869257666284,0.433869257666284,0
"경상남도고성군",2023,0.578583968476966,0.578583968476967,0
"경상남도고성군",2024,0.636911162346893,0.636911162346893,0
"경상남도하동군",2020,0.180807356856906,0.180807356856906,0
"경상남도하동군",2021,0.199980828194783,0.299925647330432,0
"경상남도하동군",2022,0.341712785193234,0.787399703211931,0
"경상남도하동군",2023,0.317451450966882,0.855817092464145,0
"경상남도하동군",2024,0.299301246358396,0.887466133831282,0
"경상남도산청군",2020,0.212512018030688,0.837113619043392,0
"경상남도산청군",2021,0.148003290063192,0.148003290063192,0
"경상남도산청군",2022,0.512061618529815,0.512061618529815,0
"경상남도산청군",2023,0.0115711444614822,0.997993233837197,0
"경상남도산청군",2024,0.680340884615435,0.680340884615435,0
"경상남도함양군",2020,0.309650836536681,0.544593837150127,0
"경상남도함양군",2021,0.227364255659485,0.545648256951872,0
"경상남도함양군",2022,0.428741763086997,0.428741763086998,0
"경상남도함양군",2023,0.0191180318974576,0.995785681921642,0
"경상남도함양군",2024,0.614351593723801,0.614351593723801,0
"경상남도거창군",2020,0.233411267131865,0.576922793123966,0
"경상남도거창군",2021,0.0365709658583077,0.0365709658583077,0
"경상남도거창군",2022,0.0853770282043449,0.955492734457106,0
"경상남도거창군",2023,0.397142011372389,0.397142011372389,0
"경상남도거창군",2024,0.466606250842875,0.466606250842875,0
"경상남도합천군",2020,0.251425144541923,0.251425144541923,0
"경상남도합천군",2021,0.237848530868514,0.629806617830356,0
"경상남도합천군",2022,0.332701451565988,0.824458618707598,0
"경상남도합천군",2023,0.604727311260458,0.604727311260458,0
"경상남도합천군",2024,0.64258606019279,0.642586060192791,0
"경기도연천군",2020,0.0228131421941005,0.0228131421941005,0
"경기도연천군",2021,0.0726018830922913,0.802118396731639,0
"경기도연천군",2022,0.243758692174521,0.383580852808282,0
"경기도연천군",2023,0.22996757731888,0.780996950044494,0
"경기도연천군",2024,0.309233075642998,0.544247239326207,0
"경기도고양시",2020,0.0101322554695066,0.604149333173264,0
"경기도고양시",2021,0.00441505264539987,0.792240551282226,0
"경기도고양시",2022,0.0206641248730877,0.273199209162332,0
"경기도고양시",2023,0.0254184841296872,0.682446783422837,0
"경기도고양시",2024,0.0187805951510875,0.095639076056761,0
"경기도부천시",2020,0.00311027178972598,0.944047984938597,0
"경기도부천시",2021,0.00662736934798515,0.708078233792727,0
"경기도부천시",2022,0.0238328118100045,0.266449854796004,0
"경기도부천시",2023,0.0349253684336092,0.348614491947661,0
"경기도부천시",2024,0.0437036557952333,0.551572968349717,0
"경기도안산시",2020,0.00809001430708878,0.86362744299783,0
"경기도안산시",2021,0.011141946067965,0.579330302465714,0
"경기도안산시",2022,0.0185792740978109,0.812025456899056,0
"경기도안산시",2023,0.0439006776848629,0.322931734422942,0
"경기도안산시",2024,0.0422351905378111,0.2085028557619,0
"경기도안양시",2020,0.0185997482067326,0.697086040430813,0
"경기도안양시",2021,0.00957100420763437,0.789477561610893,0
"경기도안양시",2022,0.0245134304178653,0.81351380345353,0
"경기도안양시",2023,0.0553106069895809,0.283595099728069,0
"경기도안양시",2024,0.0399800451966015,0.105250607327432,0
"경기도용인시",2020,0.0116240308433265,0.635198449787385,0
"경기도용인시",2021,0.00835138324517224,0.510153611096789,0
"경기도용인시",2022,0.0251508830343063,0.296651163170306,0
"경기도용인시",2023,0.0365759325179935,0.57735062464058,0
"경기도용인시",2024,0.0437988213915265,0.435998940735505,0
"경상남도창원시",2020,0.0375518806698439,0.423758318827562,0
"경상남도창원시",2021,0.00215043466602416,0.00762392252055124,0
"경상남도창원시",2022,0.0645271085647576,0.479032113247236,0
"경상남도창원시",2023,0.0315189696394286,0.899276579820393,0
"경상남도창원시",2024,0.0248448956584667,0.943916730310443,0
"경상북도포항시",2020,0.0199199988482239,0.881903446267535,0
"경상북도포항시",2021,0.0278009207251596,0.222076296449733,0
"경상북도포항시",2022,0.0700844312775785,0.729718537741494,0
"경상북도포항시",2023,0.0567523568669335,0.849592195912047,0
"경상북도포항시",2024,0.11849999796564,0.645440245707846,0
"전라북도전주시",2020,0.0137783339331081,0.230692152152731,0
"전라북도전주시",2021,0.002827165882495,0.0326694536735761,0
"전라북도전주시",2022,0.0166327312698684,0.825795723212886,0
"전라북도전주시",2023,0.0109167887537873,0.926942114282615,0
"전라북도전주시",2024,0.00875535820932472,0.953701259207429,0
"충청남도천안시",2020,0.00740603879769314,0.877723726865412,0
"충청남도천안시",2021,0.00839638771153253,0.692298483612182,0
"충청남도천안시",2022,0.0250736740952874,0.216084170102289,0
"충청남도천안시",2023,0.0226251864396179,0.105877741145245,0
"충청남도천안시",2024,0.0437232766437995,0.240308073068959,0
"충청북도청주시",2020,0.0119209562627107,0.712015592989507,0
"충청북도청주시",2021,0.00924464721422298,0.589631471807756,0
"충청북도청주시",2022,0.0255818096452927,0.631017353714533,0
"충청북도청주시",2023,0.0368997928542198,0.595550822713484,0
"충청북도청주시",2024,0.00722880760897767,0.961298433272851,0
