"graph","covariate","IRR","lo","hi","DIC","n_high","n_low"
"Queen","(Intercept)",0.0000392213080723016,0.0000376677503838865,0.0000408417163636258,5647.9303175937,74,57
"Queen","oyster_z",1.00798386779567,0.956688280450419,1.06279653147592,5647.9303175937,74,57
"Queen","dairy_farm_z",1.04233686783764,1.00274514897473,1.08337424137782,5647.9303175937,74,57
"Queen","gw_household_z",1.07763753585587,1.00107170333664,1.15874531065274,5647.9303175937,74,57
"Queen","gw_simple_z",1.04693576873054,0.98426110690135,1.11354348102597,5647.9303175937,74,57
"Queen","water_supply_z",1.01873476191188,0.938032388198365,1.10632081719782,5647.9303175937,74,57
"Queen","septic_pop_z",1.00832066769904,0.962090368798274,1.05697068850137,5647.9303175937,74,57
"Queen","ww_facility_z",0.980403342318282,0.922870100465091,1.04157108623202,5647.9303175937,74,57
"Queen","pub_sewage_z",1.01635074462226,0.920385183854788,1.12285014196732,5647.9303175937,74,57
"Queen","test_total_z",0.985621629438028,0.934636493903799,1.03927890473557,5647.9303175937,74,57
"Queen","sewer_repair_z",0.906311085334268,0.824727246388138,0.995994030785317,5647.9303175937,74,57
"Queen","paddy_z",0.956413745249044,0.880124461703741,1.03888158388406,5647.9303175937,74,57
"Queen","forest_z",0.836657487505796,0.75732792820665,0.92573890053348,5647.9303175937,74,57
"Queen","residential_z",1.06751519768795,0.986621103786665,1.15508812099987,5647.9303175937,74,57
"Queen","health_practice_z",0.976879536736868,0.924117774403051,1.03274653370142,5647.9303175937,74,57
"Queen","food_safety_z",1.03151791941362,0.99021236563663,1.07455887815201,5647.9303175937,74,57
"Queen","elderly_alone_z",0.961530235531666,0.907764089330916,1.01831155110044,5647.9303175937,74,57
"Queen","alone_80_84_z",0.96121368420612,0.907345932033743,1.01771248048273,5647.9303175937,74,57
"Queen","welfare_z",1.00392119853342,0.949120935473019,1.06157800747068,5647.9303175937,74,57
"Queen","fiscal_indep_z",0.86172107486078,0.789844624595266,0.940052719830552,5647.9303175937,74,57
"Queen","fiscal_auto_z",1.07471251438977,0.985953905372231,1.17163270069919,5647.9303175937,74,57
"Queen","sex_ratio_z",1.06167009159128,0.991565347641624,1.13718231251215,5647.9303175937,74,57
"Queen","elderly_rate_z",1.04682478644521,0.9582664237202,1.14356234772359,5647.9303175937,74,57
"Queen","urban_pop_rate_z",0.96173454984105,0.894404852314791,1.03408010574668,5647.9303175937,74,57
"Queen","net_migration_z",1.01080058425107,0.97456615662707,1.04838141951139,5647.9303175937,74,57
"Queen","med_in_z",1.06320152279574,0.975324494916584,1.15976879634376,5647.9303175937,74,57
"Queen","clinic_family_z",0.996881810064858,0.942609974842933,1.05401007319096,5647.9303175937,74,57
"Queen","depression_z",1.02152847789317,0.985108572020781,1.05931380812231,5647.9303175937,74,57
"Rook","(Intercept)",0.0000392278724188902,0.0000376714991301443,0.0000408516360599297,5646.92130884577,76,57
"Rook","oyster_z",1.00776852738207,0.956564033844638,1.06248947558079,5646.92130884577,76,57
"Rook","dairy_farm_z",1.04214415157371,1.00258748572636,1.08314137569715,5646.92130884577,76,57
"Rook","gw_household_z",1.07676765713056,1.00009450087328,1.15794549636922,5646.92130884577,76,57
"Rook","gw_simple_z",1.04775580321176,0.985113226540453,1.11435381516193,5646.92130884577,76,57
"Rook","water_supply_z",1.01864084702969,0.93804070861071,1.10609195022384,5646.92130884577,76,57
"Rook","septic_pop_z",1.00852204732923,0.962308814856634,1.05715050182534,5646.92130884577,76,57
"Rook","ww_facility_z",0.978263858903174,0.920601248910095,1.03955947344307,5646.92130884577,76,57
"Rook","pub_sewage_z",1.01638303558155,0.920534743152749,1.1227401372608,5646.92130884577,76,57
"Rook","test_total_z",0.985335450798412,0.9343979959729,1.03892833440082,5646.92130884577,76,57
"Rook","sewer_repair_z",0.906077297256396,0.824455459323218,0.995805072608685,5646.92130884577,76,57
"Rook","paddy_z",0.957584619168057,0.881314353862025,1.04004591766615,5646.92130884577,76,57
"Rook","forest_z",0.835920507267027,0.756735014614786,0.924838600966463,5646.92130884577,76,57
"Rook","residential_z",1.06635787981123,0.985519968692804,1.15385197623356,5646.92130884577,76,57
"Rook","health_practice_z",0.977840945661334,0.924980417873868,1.03381154453201,5646.92130884577,76,57
"Rook","food_safety_z",1.03091390479514,0.989620459174879,1.07393742208603,5646.92130884577,76,57
"Rook","elderly_alone_z",0.960740092237918,0.907048778879813,1.01744252881673,5646.92130884577,76,57
"Rook","alone_80_84_z",0.961436426301547,0.90757673886503,1.0179257276129,5646.92130884577,76,57
"Rook","welfare_z",1.00315124612869,0.948431561453473,1.06070253095931,5646.92130884577,76,57
"Rook","fiscal_indep_z",0.861618701282343,0.789454909110884,0.940267698363262,5646.92130884577,76,57
"Rook","fiscal_auto_z",1.07424605421989,0.985476466307717,1.17115606608976,5646.92130884577,76,57
"Rook","sex_ratio_z",1.063191463498,0.992793304831052,1.13903896089099,5646.92130884577,76,57
"Rook","elderly_rate_z",1.04679836457457,0.958242412561207,1.14352894121349,5646.92130884577,76,57
"Rook","urban_pop_rate_z",0.962265024965396,0.894976280531693,1.03457893297101,5646.92130884577,76,57
"Rook","net_migration_z",1.01098643052379,0.97473023141236,1.04858793014712,5646.92130884577,76,57
"Rook","med_in_z",1.06474476914948,0.976596223812737,1.1616285077019,5646.92130884577,76,57
"Rook","clinic_family_z",0.996832826887461,0.942608383020141,1.05390347379621,5646.92130884577,76,57
"Rook","depression_z",1.02157008168809,0.985145296938101,1.05935870185581,5646.92130884577,76,57
"knn2","(Intercept)",0.000039107739266912,0.0000375445354976983,0.0000407378297319701,5645.135119272,78,67
"knn2","oyster_z",1.01084425325916,0.960434111446282,1.0645518436363,5645.135119272,78,67
"knn2","dairy_farm_z",1.03887839298356,0.999456845402152,1.07977248191527,5645.135119272,78,67
"knn2","gw_household_z",1.08656644853394,1.01265392890062,1.16497482442472,5645.135119272,78,67
"knn2","gw_simple_z",1.0382042508323,0.980049443001422,1.09973911087494,5645.135119272,78,67
"knn2","water_supply_z",1.03504408672989,0.953197149117981,1.12390455388295,5645.135119272,78,67
"knn2","septic_pop_z",1.00101779254693,0.955662821748397,1.04864440614169,5645.135119272,78,67
"knn2","ww_facility_z",0.979139235114324,0.924557064962107,1.03705928337433,5645.135119272,78,67
"knn2","pub_sewage_z",0.992168096154379,0.901050221555214,1.09291991793236,5645.135119272,78,67
"knn2","test_total_z",0.990101625743725,0.94112261542738,1.04150522555135,5645.135119272,78,67
"knn2","sewer_repair_z",0.906494986847692,0.825426262722148,0.995552987158831,5645.135119272,78,67
"knn2","paddy_z",0.966652986434631,0.891712608533095,1.0475319448837,5645.135119272,78,67
"knn2","forest_z",0.839372499942226,0.762958389195247,0.924564687801301,5645.135119272,78,67
"knn2","residential_z",1.05953339231609,0.981124436220848,1.14407115948235,5645.135119272,78,67
"knn2","health_practice_z",0.974610811955189,0.922773795830128,1.0294535839991,5645.135119272,78,67
"knn2","food_safety_z",1.02155932666896,0.98171228601725,1.06302778973195,5645.135119272,78,67
"knn2","elderly_alone_z",0.962322958825734,0.9090603577999,1.01857111526833,5645.135119272,78,67
"knn2","alone_80_84_z",0.958057475086888,0.903788103519447,1.01484325930038,5645.135119272,78,67
"knn2","welfare_z",1.00682306991924,0.95395919320843,1.06239224504854,5645.135119272,78,67
"knn2","fiscal_indep_z",0.879585936132861,0.807431792208606,0.958058706875096,5645.135119272,78,67
"knn2","fiscal_auto_z",1.0680574268404,0.983307586363748,1.16030003946041,5645.135119272,78,67
"knn2","sex_ratio_z",1.05597268275803,0.98789197482183,1.12894062325516,5645.135119272,78,67
"knn2","elderly_rate_z",1.03731252620789,0.951319514217693,1.13091269435068,5645.135119272,78,67
"knn2","urban_pop_rate_z",0.958434128494237,0.892469643520624,1.0289881048109,5645.135119272,78,67
"knn2","net_migration_z",1.00506515107697,0.96950803681885,1.04193939029111,5645.135119272,78,67
"knn2","med_in_z",1.06086457795874,0.973439272497916,1.15698985661312,5645.135119272,78,67
"knn2","clinic_family_z",1.00138054615234,0.948783167844802,1.05666118018269,5645.135119272,78,67
"knn2","depression_z",1.01866676449353,0.982730194669413,1.05593623401723,5645.135119272,78,67
"knn3","(Intercept)",0.0000390526681418015,0.0000375039308623332,0.0000406659897339744,5639.1148520144,83,68
"knn3","oyster_z",1.0074131688896,0.957355340259634,1.06070554727647,5639.1148520144,83,68
"knn3","dairy_farm_z",1.04006427014786,1.00032327949018,1.08128234088805,5639.1148520144,83,68
"knn3","gw_household_z",1.07430872451648,0.999991058191636,1.1530765528957,5639.1148520144,83,68
"knn3","gw_simple_z",1.04126826020715,0.982288170475818,1.10370367262081,5639.1148520144,83,68
"knn3","water_supply_z",1.02440806781042,0.944352227354601,1.11119051945514,5639.1148520144,83,68
"knn3","septic_pop_z",1.00186419434202,0.95642631457209,1.04959003667298,5639.1148520144,83,68
"knn3","ww_facility_z",0.972630330823438,0.916996379550607,1.0316651203758,5639.1148520144,83,68
"knn3","pub_sewage_z",1.00060317434038,0.907240580836535,1.10412517379256,5639.1148520144,83,68
"knn3","test_total_z",0.991778929636696,0.942447193108815,1.04360384661482,5639.1148520144,83,68
"knn3","sewer_repair_z",0.908156649949085,0.827123553687582,0.997154052757144,5639.1148520144,83,68
"knn3","paddy_z",0.954024004079671,0.87904411205966,1.03497333078549,5639.1148520144,83,68
"knn3","forest_z",0.83950158786072,0.761665229630295,0.926437517348283,5639.1148520144,83,68
"knn3","residential_z",1.06807291421429,0.989376230198857,1.15309314243736,5639.1148520144,83,68
"knn3","health_practice_z",0.97332017541472,0.921509839439337,1.02812468884832,5639.1148520144,83,68
"knn3","food_safety_z",1.02345233489526,0.983234797295787,1.06529979710037,5639.1148520144,83,68
"knn3","elderly_alone_z",0.968371160892049,0.915268084319151,1.02441172730152,5639.1148520144,83,68
"knn3","alone_80_84_z",0.962860341352868,0.909507921104039,1.01871395767753,5639.1148520144,83,68
"knn3","welfare_z",1.00484740066161,0.95160039265532,1.06078733871546,5639.1148520144,83,68
"knn3","fiscal_indep_z",0.871871279230986,0.800243664774141,0.949889774608165,5639.1148520144,83,68
"knn3","fiscal_auto_z",1.07041339156405,0.985307259904052,1.16296300837677,5639.1148520144,83,68
"knn3","sex_ratio_z",1.06050609992666,0.991194856925894,1.13501329120685,5639.1148520144,83,68
"knn3","elderly_rate_z",1.03779181830476,0.952198035979251,1.13103403189908,5639.1148520144,83,68
"knn3","urban_pop_rate_z",0.961895889586685,0.895854424468507,1.03263374409007,5639.1148520144,83,68
"knn3","net_migration_z",1.0090307949756,0.973285226113087,1.04609302014441,5639.1148520144,83,68
"knn3","med_in_z",1.06002406482781,0.973824253063029,1.15462513511952,5639.1148520144,83,68
"knn3","clinic_family_z",0.995351289851947,0.94272581703227,1.05069573014087,5639.1148520144,83,68
"knn3","depression_z",1.01951869606903,0.983585248260611,1.05678116327491,5639.1148520144,83,68
"knn4","(Intercept)",0.0000390377239630944,0.0000374872260358699,0.0000406547762851323,5640.68707186516,83,65
"knn4","oyster_z",1.00540832336747,0.955075686837542,1.05899493954393,5640.68707186516,83,65
"knn4","dairy_farm_z",1.04058074215816,1.00144429746071,1.08116745032284,5640.68707186516,83,65
"knn4","gw_household_z",1.07120963744619,0.996767775983237,1.15015971296273,5640.68707186516,83,65
"knn4","gw_simple_z",1.04639520516358,0.985827390990209,1.11066720238317,5640.68707186516,83,65
"knn4","water_supply_z",1.01998837586506,0.941069381123188,1.10545133112847,5640.68707186516,83,65
"knn4","septic_pop_z",1.00433038230111,0.958053071099874,1.0529882867824,5640.68707186516,83,65
"knn4","ww_facility_z",0.976534353758097,0.920512740096166,1.03609019780596,5640.68707186516,83,65
"knn4","pub_sewage_z",1.01146154422231,0.91606239618039,1.1173512057387,5640.68707186516,83,65
"knn4","test_total_z",0.98586298036528,0.936576361268398,1.03759485152845,5640.68707186516,83,65
"knn4","sewer_repair_z",0.907640076320327,0.826292662001997,0.997022605561781,5640.68707186516,83,65
"knn4","paddy_z",0.960251353257963,0.884512923503283,1.04208219361635,5640.68707186516,83,65
"knn4","forest_z",0.835923559125829,0.757801052255387,0.92322901469093,5640.68707186516,83,65
"knn4","residential_z",1.06464356064989,0.984890354524487,1.15074435913452,5640.68707186516,83,65
"knn4","health_practice_z",0.976370436936225,0.924380432649297,1.03137716221309,5640.68707186516,83,65
"knn4","food_safety_z",1.02450360714008,0.983882807475579,1.06679063038974,5640.68707186516,83,65
"knn4","elderly_alone_z",0.968076146597323,0.914695171008663,1.02445902510888,5640.68707186516,83,65
"knn4","alone_80_84_z",0.961402371184741,0.907054440051434,1.01842319614313,5640.68707186516,83,65
"knn4","welfare_z",1.00401437316111,0.949850685852117,1.06095243487451,5640.68707186516,83,65
"knn4","fiscal_indep_z",0.86869461910749,0.797682040572111,0.945992637175221,5640.68707186516,83,65
"knn4","fiscal_auto_z",1.07376097211588,0.98826307292479,1.16676048619364,5640.68707186516,83,65
"knn4","sex_ratio_z",1.05632911690644,0.987597664035969,1.1300619295704,5640.68707186516,83,65
"knn4","elderly_rate_z",1.03558584008047,0.949537764841546,1.12940331215082,5640.68707186516,83,65
"knn4","urban_pop_rate_z",0.965522988496673,0.898978298772871,1.03681437737762,5640.68707186516,83,65
"knn4","net_migration_z",1.00824637572062,0.972359861725447,1.04545823312946,5640.68707186516,83,65
"knn4","med_in_z",1.06288495427401,0.97523510655722,1.15919190552006,5640.68707186516,83,65
"knn4","clinic_family_z",0.99245476980613,0.939828200809781,1.0478066426539,5640.68707186516,83,65
"knn4","depression_z",1.01967789676869,0.983562892076839,1.05713058114058,5640.68707186516,83,65
"knn5","(Intercept)",0.0000390577771697161,0.0000375024195275101,0.000040680169501884,5642.78408739762,82,62
"knn5","oyster_z",1.00701474169929,0.956090690323766,1.06131229119213,5642.78408739762,82,62
"knn5","dairy_farm_z",1.04348722788579,1.00399856787388,1.08443967222357,5642.78408739762,82,62
"knn5","gw_household_z",1.07858865775024,1.00435860746755,1.15735598783073,5642.78408739762,82,62
"knn5","gw_simple_z",1.04840771457391,0.987077337231389,1.11349606924457,5642.78408739762,82,62
"knn5","water_supply_z",1.02622681036527,0.946757885690711,1.11229856895872,5642.78408739762,82,62
"knn5","septic_pop_z",1.00918345986069,0.962985299710235,1.05776783094533,5642.78408739762,82,62
"knn5","ww_facility_z",0.973420423643826,0.917290924155419,1.0330736431269,5642.78408739762,82,62
"knn5","pub_sewage_z",1.01663105880486,0.920200425294617,1.12368182126904,5642.78408739762,82,62
"knn5","test_total_z",0.986985627531782,0.937124890924799,1.03936670996779,5642.78408739762,82,62
"knn5","sewer_repair_z",0.907824509364922,0.826485538827879,0.997195748397909,5642.78408739762,82,62
"knn5","paddy_z",0.961206589796342,0.885099792831445,1.04341571255934,5642.78408739762,82,62
"knn5","forest_z",0.836919332045376,0.758373590035374,0.924823752322095,5642.78408739762,82,62
"knn5","residential_z",1.06187985153837,0.981485336205174,1.14874236401,5642.78408739762,82,62
"knn5","health_practice_z",0.974956853197521,0.923024606213718,1.02989913688714,5642.78408739762,82,62
"knn5","food_safety_z",1.02746953659596,0.986453588351294,1.07019009725829,5642.78408739762,82,62
"knn5","elderly_alone_z",0.967414819805993,0.913818125999491,1.02403306324026,5642.78408739762,82,62
"knn5","alone_80_84_z",0.957452216344389,0.90229535807279,1.01530191838115,5642.78408739762,82,62
"knn5","welfare_z",1.00582979696105,0.951796605446432,1.06261299889318,5642.78408739762,82,62
"knn5","fiscal_indep_z",0.873287448211489,0.8018723937825,0.951133705441395,5642.78408739762,82,62
"knn5","fiscal_auto_z",1.06874200050701,0.983452423986814,1.16141645473444,5642.78408739762,82,62
"knn5","sex_ratio_z",1.05328219480512,0.984972776562214,1.12654754206207,5642.78408739762,82,62
"knn5","elderly_rate_z",1.03950006004779,0.952733971181458,1.13418077971896,5642.78408739762,82,62
"knn5","urban_pop_rate_z",0.964191526215307,0.897290122784668,1.03592774177769,5642.78408739762,82,62
"knn5","net_migration_z",1.00837689695192,0.972320913437665,1.04577170420223,5642.78408739762,82,62
"knn5","med_in_z",1.05858958359035,0.971690437169795,1.1540499825242,5642.78408739762,82,62
"knn5","clinic_family_z",0.9949567658213,0.941866836426849,1.05083173531911,5642.78408739762,82,62
"knn5","depression_z",1.01952822721935,0.983332212432149,1.05706399436444,5642.78408739762,82,62
"knn6","(Intercept)",0.0000390386246583008,0.0000374834733071494,0.0000406619976383924,5640.96493362867,80,60
"knn6","oyster_z",1.00658040480173,0.95617052846985,1.0603122604992,5640.96493362867,80,60
"knn6","dairy_farm_z",1.04424188288295,1.00450071441222,1.08545419482532,5640.96493362867,80,60
"knn6","gw_household_z",1.0746402277354,1.00040845009404,1.15345113733157,5640.96493362867,80,60
"knn6","gw_simple_z",1.04828955250637,0.986560177098964,1.11386471515714,5640.96493362867,80,60
"knn6","water_supply_z",1.02403936266199,0.944554123017778,1.11012564621311,5640.96493362867,80,60
"knn6","septic_pop_z",1.01055841966196,0.963949157652323,1.05960635930356,5640.96493362867,80,60
"knn6","ww_facility_z",0.971534158105488,0.915399305643074,1.0310887504253,5640.96493362867,80,60
"knn6","pub_sewage_z",1.01363972748852,0.917689579787718,1.12020530895579,5640.96493362867,80,60
"knn6","test_total_z",0.987364594991788,0.937303554363277,1.03997090754001,5640.96493362867,80,60
"knn6","sewer_repair_z",0.908007966905873,0.826939501805694,0.997050146378119,5640.96493362867,80,60
"knn6","paddy_z",0.957968202569164,0.881707874420664,1.04041995457776,5640.96493362867,80,60
"knn6","forest_z",0.839780443416994,0.761465407919856,0.92736811075479,5640.96493362867,80,60
"knn6","residential_z",1.06508250337835,0.98442827701302,1.15225996144722,5640.96493362867,80,60
"knn6","health_practice_z",0.975167368614251,0.923174996793355,1.03016483405314,5640.96493362867,80,60
"knn6","food_safety_z",1.02611163352656,0.984992488256454,1.06894458199372,5640.96493362867,80,60
"knn6","elderly_alone_z",0.966944337383131,0.913547435817494,1.02331922536161,5640.96493362867,80,60
"knn6","alone_80_84_z",0.960163623731532,0.905593652011913,1.01735232968302,5640.96493362867,80,60
"knn6","welfare_z",1.00160772979629,0.947578613666605,1.058343835103,5640.96493362867,80,60
"knn6","fiscal_indep_z",0.874169434062371,0.803002084535263,0.951744606142498,5640.96493362867,80,60
"knn6","fiscal_auto_z",1.06739325551246,0.982868660556075,1.15916171266249,5640.96493362867,80,60
"knn6","sex_ratio_z",1.05743288314557,0.989380230945657,1.13042345374417,5640.96493362867,80,60
"knn6","elderly_rate_z",1.04542325989961,0.958172322966191,1.14066277465119,5640.96493362867,80,60
"knn6","urban_pop_rate_z",0.967518851442464,0.900466064762895,1.03945888521022,5640.96493362867,80,60
"knn6","net_migration_z",1.00794887974229,0.972080261796453,1.04514002731037,5640.96493362867,80,60
"knn6","med_in_z",1.05935713911614,0.97266271835509,1.15458072592003,5640.96493362867,80,60
"knn6","clinic_family_z",0.99594554768595,0.942607875784269,1.05207966823267,5640.96493362867,80,60
"knn6","depression_z",1.02008068932774,0.983892716133413,1.0576078316502,5640.96493362867,80,60
"knn7","(Intercept)",0.0000391019431335348,0.0000375611849926914,0.0000407070026481915,5645.31913017899,77,63
"knn7","oyster_z",1.00387847311044,0.953518230279657,1.05757190112257,5645.31913017899,77,63
"knn7","dairy_farm_z",1.04250139091766,1.00255437771697,1.08393387136183,5645.31913017899,77,63
"knn7","gw_household_z",1.0788728497884,1.00334244137942,1.15907520990721,5645.31913017899,77,63
"knn7","gw_simple_z",1.04722107237357,0.984858267619427,1.11354496579042,5645.31913017899,77,63
"knn7","water_supply_z",1.02937448389123,0.948782582639113,1.1167147801356,5645.31913017899,77,63
"knn7","septic_pop_z",1.01089013690533,0.963666992111225,1.06064039506631,5645.31913017899,77,63
"knn7","ww_facility_z",0.976764673144143,0.91998035141898,1.03711929071553,5645.31913017899,77,63
"knn7","pub_sewage_z",1.01610091760239,0.919705633830123,1.12326026485397,5645.31913017899,77,63
"knn7","test_total_z",0.988922791427051,0.938298154066021,1.04219623416128,5645.31913017899,77,63
"knn7","sewer_repair_z",0.908597476768963,0.827663802202576,0.997473767208952,5645.31913017899,77,63
"knn7","paddy_z",0.963476008877669,0.886265979997492,1.04708756117324,5645.31913017899,77,63
"knn7","forest_z",0.837203050966009,0.758361627587832,0.925482857772851,5645.31913017899,77,63
"knn7","residential_z",1.06282969821044,0.981559673393298,1.15068876946192,5645.31913017899,77,63
"knn7","health_practice_z",0.971508813390022,0.919597412540858,1.02641817335927,5645.31913017899,77,63
"knn7","food_safety_z",1.02917440225382,0.987656982137525,1.07244797726348,5645.31913017899,77,63
"knn7","elderly_alone_z",0.9657471749782,0.912149786210122,1.02233775012927,5645.31913017899,77,63
"knn7","alone_80_84_z",0.960131811744822,0.904352945499463,1.01860778280306,5645.31913017899,77,63
"knn7","welfare_z",1.00271800610462,0.948116234528897,1.06008973075418,5645.31913017899,77,63
"knn7","fiscal_indep_z",0.871031694289695,0.799357269470669,0.94922404182434,5645.31913017899,77,63
"knn7","fiscal_auto_z",1.06917826797086,0.983670461338235,1.16207592186272,5645.31913017899,77,63
"knn7","sex_ratio_z",1.05767019329245,0.989017677054553,1.13131309151405,5645.31913017899,77,63
"knn7","elderly_rate_z",1.05025031052696,0.962655742245803,1.14586473983188,5645.31913017899,77,63
"knn7","urban_pop_rate_z",0.966423096520726,0.89889179948628,1.03892381627848,5645.31913017899,77,63
"knn7","net_migration_z",1.00795121904362,0.972114663790618,1.04511810480567,5645.31913017899,77,63
"knn7","med_in_z",1.06139395774448,0.973866446385104,1.15763525089217,5645.31913017899,77,63
"knn7","clinic_family_z",0.998079971484398,0.944314622698776,1.05468944350832,5645.31913017899,77,63
"knn7","depression_z",1.02092284713637,0.984747978381422,1.05844607791811,5645.31913017899,77,63
