"model","run","DIC","WAIC","pD","n_credible","credible_set","gw_household","dairy_farm","forest","fiscal_indep"
"M1",1,6400.05267095198,6405.80629945823,28.8435439315526,14,"alone_80_84;clinic_family;dairy_farm;depression;elderly_alone;elderly_rate;fiscal_auto;fiscal_indep;forest;gw_household;health_practice;oyster;urban_pop_rate;welfare",1.24102542742951,1.06891894754766,0.664989237496513,0.727865306402833
"M1",2,6400.05267512652,6405.8062983559,28.8435402541081,14,"alone_80_84;clinic_family;dairy_farm;depression;elderly_alone;elderly_rate;fiscal_auto;fiscal_indep;forest;gw_household;health_practice;oyster;urban_pop_rate;welfare",1.24102543064282,1.06891894956324,0.664989246783018,0.727865309797166
"M1",3,6400.05262714193,6405.80649712424,28.8438195467106,14,"alone_80_84;clinic_family;dairy_farm;depression;elderly_alone;elderly_rate;fiscal_auto;fiscal_indep;forest;gw_household;health_practice;oyster;urban_pop_rate;welfare",1.24102527432358,1.06891886373957,0.664988802252545,0.72786514112616
"M1",4,6400.05270228558,6405.80618802808,28.8433813318752,14,"alone_80_84;clinic_family;dairy_farm;depression;elderly_alone;elderly_rate;fiscal_auto;fiscal_indep;forest;gw_household;health_practice;oyster;urban_pop_rate;welfare",1.24102551925675,1.06891899729836,0.664989498020837,0.727865405343368
"M1",5,6400.05269999047,6405.80618632012,28.8433811687046,14,"alone_80_84;clinic_family;dairy_farm;depression;elderly_alone;elderly_rate;fiscal_auto;fiscal_indep;forest;gw_household;health_practice;oyster;urban_pop_rate;welfare",1.24102551865855,1.06891899712283,0.664989496489692,0.727865404680358
"M1",6,6400.0526241403,6405.80649697471,28.8438223213516,14,"alone_80_84;clinic_family;dairy_farm;depression;elderly_alone;elderly_rate;fiscal_auto;fiscal_indep;forest;gw_household;health_practice;oyster;urban_pop_rate;welfare",1.24102527181307,1.06891886282097,0.664988795976178,0.727865138774932
"M1",7,6400.05270228558,6405.80618802808,28.8433813318734,14,"alone_80_84;clinic_family;dairy_farm;depression;elderly_alone;elderly_rate;fiscal_auto;fiscal_indep;forest;gw_household;health_practice;oyster;urban_pop_rate;welfare",1.24102551925675,1.06891899729836,0.664989498020837,0.727865405343368
"M1",8,6400.05267252858,6405.80631057716,28.8435553634245,14,"alone_80_84;clinic_family;dairy_farm;depression;elderly_alone;elderly_rate;fiscal_auto;fiscal_indep;forest;gw_household;health_practice;oyster;urban_pop_rate;welfare",1.24102542205936,1.06891894435868,0.664989221843226,0.727865300459358
"M1",9,6400.05269733664,6405.80618548136,28.8433822800453,14,"alone_80_84;clinic_family;dairy_farm;depression;elderly_alone;elderly_rate;fiscal_auto;fiscal_indep;forest;gw_household;health_practice;oyster;urban_pop_rate;welfare",1.24102551729282,1.06891899680375,0.664989492760057,0.727865403218275
"M1",10,6400.05269993784,6405.80618463476,28.8433807692072,14,"alone_80_84;clinic_family;dairy_farm;depression;elderly_alone;elderly_rate;fiscal_auto;fiscal_indep;forest;gw_household;health_practice;oyster;urban_pop_rate;welfare",1.24102551906493,1.06891899764389,0.664989497907029,0.727865405187736
"M2",1,6261.45545933707,6272.52309172515,93.441437753866,10,"alone_80_84;depression;elderly_alone;elderly_rate;fiscal_indep;forest;gw_household;health_practice;septic_pop;sewer_repair",1.11098649936062,1.03628643377431,0.813870841779702,0.800399525478832
"M2",2,6261.44007292921,6272.51652751322,93.464151749944,10,"alone_80_84;depression;elderly_alone;elderly_rate;fiscal_indep;forest;gw_household;health_practice;septic_pop;sewer_repair",1.11097747633357,1.03627928383179,0.813887878283986,0.800401363868938
"M2",3,6261.45519223033,6272.52300475469,93.441357098407,10,"alone_80_84;depression;elderly_alone;elderly_rate;fiscal_indep;forest;gw_household;health_practice;septic_pop;sewer_repair",1.11098641774606,1.03628639367381,0.81387100661529,0.800399542781422
"M2",4,6261.43998539857,6272.51649129283,93.4643024799243,10,"alone_80_84;depression;elderly_alone;elderly_rate;fiscal_indep;forest;gw_household;health_practice;septic_pop;sewer_repair",1.11097742204086,1.03627923969362,0.813887976408838,0.800401374647593
"M2",5,6261.43996944978,6272.51646125245,93.4644255429575,10,"alone_80_84;depression;elderly_alone;elderly_rate;fiscal_indep;forest;gw_household;health_practice;septic_pop;sewer_repair",1.11097738895226,1.03627921162622,0.813888056786833,0.800401381806822
"M2",6,6261.43982049935,6272.51641200789,93.4645235746493,10,"alone_80_84;depression;elderly_alone;elderly_rate;fiscal_indep;forest;gw_household;health_practice;septic_pop;sewer_repair",1.11097732371217,1.03627916562072,0.813888172684673,0.800401395240675
"M2",7,6261.43986052352,6272.51648894737,93.4641541171468,10,"alone_80_84;depression;elderly_alone;elderly_rate;fiscal_indep;forest;gw_household;health_practice;septic_pop;sewer_repair",1.1109774147783,1.03627924608569,0.813887962956311,0.800401375166139
"M2",8,6261.43927049054,6272.51622226166,93.4652890138432,10,"alone_80_84;depression;elderly_alone;elderly_rate;fiscal_indep;forest;gw_household;health_practice;septic_pop;sewer_repair",1.11097702500052,1.03627892472998,0.813888684483627,0.800401453748655
"M2",9,6261.45509986316,6272.52301029799,93.4414870573664,10,"alone_80_84;depression;elderly_alone;elderly_rate;fiscal_indep;forest;gw_household;health_practice;septic_pop;sewer_repair",1.11098638615319,1.03628635901231,0.813871015819933,0.800399546993689
"M2",10,6261.43992365981,6272.51647737621,93.464444087881,10,"alone_80_84;depression;elderly_alone;elderly_rate;fiscal_indep;forest;gw_household;health_practice;septic_pop;sewer_repair",1.1109773830169,1.03627920468322,0.813888028536216,0.800401381864147
"M3",1,6260.13854735423,6273.43401908632,100.286818880885,10,"alone_80_84;depression;elderly_alone;elderly_rate;fiscal_indep;forest;gw_household;health_practice;septic_pop;sewer_repair",1.11670390079049,1.0351610302954,0.813614616857484,0.798476741912386
"M3",2,6260.35846298072,6273.67751309067,99.5537454553496,10,"alone_80_84;depression;elderly_alone;elderly_rate;fiscal_indep;forest;gw_household;health_practice;septic_pop;sewer_repair",1.11695119854103,1.03535717654536,0.813063321268498,0.798415329298463
"M3",3,6260.13918934817,6273.43632687206,100.304939114283,10,"alone_80_84;depression;elderly_alone;elderly_rate;fiscal_indep;forest;gw_household;health_practice;septic_pop;sewer_repair",1.11671541027091,1.03515849028089,0.813613058021491,0.798473046111235
"M3",4,6260.36927831972,6273.68475824087,99.3225325333233,10,"alone_80_84;depression;elderly_alone;elderly_rate;fiscal_indep;forest;gw_household;health_practice;septic_pop;sewer_repair",1.11695637957204,1.03539246345096,0.813053931039448,0.798419350443799
"M3",5,6260.28985487954,6273.61959756688,99.8301866107922,10,"alone_80_84;depression;elderly_alone;elderly_rate;fiscal_indep;forest;gw_household;health_practice;septic_pop;sewer_repair",1.11644297861573,1.03524506191322,0.81344521858804,0.798582639371363
"M3",6,6260.28125967717,6273.63576850322,100.045711276506,10,"alone_80_84;depression;elderly_alone;elderly_rate;fiscal_indep;forest;gw_household;health_practice;septic_pop;sewer_repair",1.11646336861802,1.03521058456357,0.8134482758716,0.798572561481569
"M3",7,6260.13951275985,6273.43753500196,100.312789883901,10,"alone_80_84;depression;elderly_alone;elderly_rate;fiscal_indep;forest;gw_household;health_practice;septic_pop;sewer_repair",1.11671828767918,1.03515714953666,0.813613438417127,0.798472191482404
"M3",8,6260.13867392198,6273.43554073673,100.303156152376,10,"alone_80_84;depression;elderly_alone;elderly_rate;fiscal_indep;forest;gw_household;health_practice;septic_pop;sewer_repair",1.11671369344142,1.03515871813461,0.81361348420051,0.798473527964059
"M3",9,6260.29243676158,6273.60739853447,99.572080562787,10,"alone_80_84;depression;elderly_alone;elderly_rate;fiscal_indep;forest;gw_household;health_practice;septic_pop;sewer_repair",1.11642840911767,1.03528467194828,0.813441955294421,0.798591489576154
"M3",10,6260.36872995366,6273.68411128904,99.3878653814436,10,"alone_80_84;depression;elderly_alone;elderly_rate;fiscal_indep;forest;gw_household;health_practice;septic_pop;sewer_repair",1.11695859849657,1.03538279860103,0.813055309086504,0.798417360013702
"M4",1,5771.12596475608,5660.46368195392,693.082146579163,10,"alone_80_84;depression;elderly_alone;elderly_rate;fiscal_indep;forest;gw_household;health_practice;septic_pop;sewer_repair",1.11364314814205,1.02664611018988,0.815596787070951,0.808285025609848
"M4",2,5747.78618218223,5640.14994896349,698.094745234791,10,"alone_80_84;depression;elderly_alone;elderly_rate;fiscal_indep;forest;gw_household;health_practice;septic_pop;sewer_repair",1.11327908395872,1.02660555508265,0.815948439692189,0.808378162179267
"M4",3,5774.03535145923,5649.14832611033,707.402788782861,10,"alone_80_84;depression;elderly_alone;elderly_rate;fiscal_indep;forest;gw_household;health_practice;septic_pop;sewer_repair",1.11351224159488,1.02641514496692,0.816018543534534,0.80828750696356
"M4",4,5611.90751257221,5560.11387085453,653.81184999273,10,"alone_80_84;depression;elderly_alone;elderly_rate;fiscal_indep;forest;gw_household;health_practice;septic_pop;sewer_repair",1.11410701121257,1.0263573190907,0.815740521243258,0.808180162611721
"M4",5,5719.77564201282,5627.40761285137,688.104831461895,10,"alone_80_84;depression;elderly_alone;elderly_rate;fiscal_indep;forest;gw_household;health_practice;septic_pop;sewer_repair",1.11255485570934,1.02686203619854,0.816035680964718,0.808616722622234
"M4",6,5603.00051905012,5561.1604892387,643.956784508009,10,"alone_80_84;depression;elderly_alone;elderly_rate;fiscal_indep;forest;gw_household;health_practice;septic_pop;sewer_repair",1.11319104150409,1.02653804289066,0.815925593521982,0.808461879597636
"M4",7,5760.98738169505,5642.53629213241,703.36462653768,10,"alone_80_84;depression;elderly_alone;elderly_rate;fiscal_indep;forest;gw_household;health_practice;septic_pop;sewer_repair",1.11343225293019,1.02636163329961,0.816141733494082,0.80830285549088
"M4",8,5736.62409773567,5640.86215241863,687.678922661581,10,"alone_80_84;depression;elderly_alone;elderly_rate;fiscal_indep;forest;gw_household;health_practice;septic_pop;sewer_repair",1.11274320586758,1.02668019894535,0.816209920532575,0.808514130333427
"M4",9,5698.83008470955,5619.07524398262,676.457201820928,10,"alone_80_84;depression;elderly_alone;elderly_rate;fiscal_indep;forest;gw_household;health_practice;septic_pop;sewer_repair",1.11383222133503,1.02644360534328,0.815849561131936,0.808210832475003
"M4",10,5679.27077724113,5599.39522222952,679.449059434772,10,"alone_80_84;depression;elderly_alone;elderly_rate;fiscal_indep;forest;gw_household;health_practice;septic_pop;sewer_repair",1.11410898522015,1.02636078410774,0.815731273324822,0.808139189831455
"M5",1,5659.32148439703,5666.46200325994,102.865566816844,5,"dairy_farm;fiscal_indep;forest;gw_household;sewer_repair",1.07773414537106,1.04247805368396,0.83630227876634,0.861846832163932
"M5",2,5659.35011485792,5666.47683775425,102.926629283302,5,"dairy_farm;fiscal_indep;forest;gw_household;sewer_repair",1.0776875026187,1.04246862145937,0.836348597251236,0.861844064541296
"M5",3,5659.74115452904,5666.52483607778,103.521287173599,5,"dairy_farm;fiscal_indep;forest;gw_household;sewer_repair",1.07762069495764,1.04244624889623,0.836429528514204,0.861834064857539
"M5",4,5659.69892528651,5666.49695850083,103.272544346382,5,"dairy_farm;fiscal_indep;forest;gw_household;sewer_repair",1.07780336671596,1.04248443570141,0.836247005006214,0.861833906411326
"M5",5,5659.33803000584,5666.48553473239,102.995661597934,5,"dairy_farm;fiscal_indep;forest;gw_household;sewer_repair",1.07768910718542,1.04246752935431,0.836345823606315,0.861842353116275
"M5",6,5659.33631217314,5666.45955664479,102.865237762616,5,"dairy_farm;fiscal_indep;forest;gw_household;sewer_repair",1.07771625759162,1.04247751152914,0.836313018168342,0.86184469726225
"M5",7,5659.41799971967,5666.42508755381,102.849200844574,5,"dairy_farm;fiscal_indep;forest;gw_household;sewer_repair",1.07764775907806,1.04247313274789,0.836366719447947,0.861856428901103
"M5",8,5659.32411285573,5666.44327184777,102.823246846417,5,"dairy_farm;fiscal_indep;forest;gw_household;sewer_repair",1.07772350032976,1.04248106040742,0.83630199776835,0.861847139485475
"M5",9,5659.7010539218,5666.46482080375,103.182064286923,5,"dairy_farm;fiscal_indep;forest;gw_household;sewer_repair",1.07778916477665,1.04248950665915,0.836245534422264,0.861834152374922
"M5",10,5659.3693848221,5666.47086507101,102.933276476117,5,"dairy_farm;fiscal_indep;forest;gw_household;sewer_repair",1.07769605419484,1.04247339392953,0.836332071269322,0.861844733673895
"M6",1,5646.84389132061,5658.99669923754,142.852382922567,5,"dairy_farm;fiscal_indep;forest;gw_household;sewer_repair",1.07764884108359,1.0423479415312,0.836635839643379,0.861724093810816
"M6",2,5648.13504330633,5659.48396373344,142.475123006594,5,"dairy_farm;fiscal_indep;forest;gw_household;sewer_repair",1.07765619258309,1.04234806138806,0.836621219702102,0.861731607746313
"M6",3,5648.15608573434,5659.41942651923,142.849007926753,5,"dairy_farm;fiscal_indep;forest;gw_household;sewer_repair",1.07772171488689,1.04235801144522,0.836561579234375,0.861733667052721
"M6",4,5655.39032400431,5661.72072865488,133.151124795272,5,"dairy_farm;fiscal_indep;forest;gw_household;sewer_repair",1.07821634279968,1.04250916220473,0.835968715983514,0.8617470773079
"M6",5,5647.80663526354,5659.12765961832,143.915225848167,5,"dairy_farm;fiscal_indep;forest;gw_household;sewer_repair",1.07769385685591,1.04235346379498,0.836591647580415,0.861729802199461
"M6",6,5648.56537560116,5659.58259357187,142.289456158725,5,"dairy_farm;fiscal_indep;forest;gw_household;sewer_repair",1.07756990759332,1.04231785136152,0.836738232072445,0.861723880454269
"M6",7,5648.93274259932,5660.48147177574,137.59239468378,5,"dairy_farm;fiscal_indep;forest;gw_household;sewer_repair",1.0775462571718,1.04234572014806,0.836682884451029,0.861765811268751
"M6",8,5648.2839910204,5659.72616020309,141.297719836045,5,"dairy_farm;fiscal_indep;forest;gw_household;sewer_repair",1.07765984412415,1.04235058057822,0.836614350760217,0.861747140516394
"M6",9,5648.37424851208,5659.81788364489,139.984640967507,5,"dairy_farm;fiscal_indep;forest;gw_household;sewer_repair",1.07767811038397,1.04237324026645,0.836556791924157,0.861758346487826
"M6",10,5647.9866433797,5659.19873493685,143.283254296155,5,"dairy_farm;fiscal_indep;forest;gw_household;sewer_repair",1.07771998476887,1.04236253339764,0.836557406120621,0.861735443449968
"M6",11,5648.40706265963,5659.4944841606,142.150007878912,5,"dairy_farm;fiscal_indep;forest;gw_household;sewer_repair",1.07771389004958,1.04236132832128,0.836561738454683,0.861726879511168
"M6",12,5648.04098787891,5659.09835432256,144.453813479518,5,"dairy_farm;fiscal_indep;forest;gw_household;sewer_repair",1.07767679875379,1.04234195531641,0.836623564708198,0.861707493124295
"M6",13,5648.06361368429,5659.42200466166,142.645747442623,5,"dairy_farm;fiscal_indep;forest;gw_household;sewer_repair",1.07765568905259,1.0423510988606,0.836614875806386,0.861735224331702
"M6",14,5654.47750289638,5663.0222617468,125.850592793997,5,"dairy_farm;fiscal_indep;forest;gw_household;sewer_repair",1.07786204824907,1.04243716165133,0.836319914955993,0.861755490185831
"M6",15,5647.74562028189,5658.84046027474,144.986434940642,5,"dairy_farm;fiscal_indep;forest;gw_household;sewer_repair",1.0777087066251,1.04235180406603,0.836590502118622,0.861720864080149
"M6",16,5647.67963841646,5658.70776662241,146.074068312453,5,"dairy_farm;fiscal_indep;forest;gw_household;sewer_repair",1.07773197691723,1.0423523843768,0.836572375224106,0.861703477917452
"M6",17,5648.62616916825,5659.30959498277,143.050530188971,5,"dairy_farm;fiscal_indep;forest;gw_household;sewer_repair",1.07798641006346,1.04242093543861,0.836272334725032,0.861718954210671
"M6",18,5647.6951834537,5658.94972105968,144.670601634532,5,"dairy_farm;fiscal_indep;forest;gw_household;sewer_repair",1.07769529023336,1.0423507584978,0.836598393707813,0.861725456411791
"M6",19,5648.36022813892,5659.35867655113,142.867008546178,5,"dairy_farm;fiscal_indep;forest;gw_household;sewer_repair",1.07758786875209,1.0423309567251,0.83669962002791,0.861731741475746
"M6",20,5648.31771687306,5659.70279657046,140.881706927374,5,"dairy_farm;fiscal_indep;forest;gw_household;sewer_repair",1.07765590499742,1.04236187410328,0.836592487146265,0.861747540267913
